,Gold_Price,Gold_Open,Gold_High,Gold_Low,Gold_Volume,Gold_Change,USD_Price,USD_Open,USD_High,USD_Low,USD_Change
2023-01-01,,,,,,,,,,,
2023-01-02,1835.8,1834.55,1837.9,1831.4,,0.53,1269.03,1261.95,1274.86,1260.65,0.64
2023-01-03,1846.1,1831.8,1856.6,1831.3,212.27K,0.56,1279.1,1269.93,1281.23,1264.35,0.79
2023-01-04,1859.0,1845.2,1871.3,1842.0,198.35K,0.7,1270.98,1279.59,1280.77,1269.04,-0.63
2023-01-05,1840.6,1861.2,1864.3,1829.9,188.60K,-0.99,1274.26,1271.39,1279.14,1267.05,0.26
2023-01-06,1869.7,1835.9,1875.2,1835.2,215.37K,1.58,1253.5,1274.58,1275.33,1251.84,-1.63
2023-01-07,,,,,,,,,,,
2023-01-08,,,,,,,,,,,
2023-01-09,1877.8,1872.8,1886.4,1869.3,204.55K,0.43,1239.28,1254.5,1254.7,1234.54,-1.13
2023-01-10,1876.5,1875.7,1885.2,1872.0,170.51K,-0.07,1240.8,1239.69,1248.82,1235.71,0.12
2023-01-11,1878.9,1881.3,1890.9,1870.9,222.25K,0.13,1242.5,1241.22,1250.48,1238.1,0.14
2023-01-12,1898.8,1879.7,1906.5,1872.4,265.17K,1.06,1239.12,1242.41,1247.73,1234.95,-0.27
2023-01-13,1921.7,1898.8,1925.3,1895.1,247.88K,1.21,1237.26,1239.51,1246.42,1233.79,-0.15
2023-01-14,,,,,,,,,,,
2023-01-15,1919.9,1923.25,1923.6,1919.85,,-0.09,,,,,
2023-01-16,1909.9,1923.8,1931.8,1906.2,268.37K,-0.52,1241.61,1237.1,1242.73,1231.51,0.35
2023-01-17,1907.2,1920.1,1920.1,1905.2,0.71K,-0.14,1237.34,1241.98,1242.59,1235.77,-0.34
2023-01-18,1907.0,1911.1,1929.8,1898.6,218.97K,-0.01,1237.69,1237.36,1247.12,1225.56,0.03
2023-01-19,1923.9,1907.0,1936.9,1902.0,214.25K,0.89,1232.21,1238.11,1242.45,1231.53,-0.44
2023-01-20,1928.2,1933.7,1939.0,1922.0,165.27K,0.22,1228.86,1232.63,1238.44,1229.53,-0.27
2023-01-21,,,,,,,,,,,
2023-01-22,,,,,,,,,,,
2023-01-23,1936.2,1936.1,1943.7,1920.1,0.97K,0.41,1229.97,1230.35,1233.78,1224.96,0.09
2023-01-24,1943.1,1940.5,1950.6,1926.3,1.08K,0.36,1232.57,1230.38,1237.99,1228.9,0.21
2023-01-25,1950.3,1946.0,1956.0,1928.7,1.27K,0.37,1232.57,1232.98,1237.88,1230.28,0.0
2023-01-26,1937.6,1955.3,1957.0,1926.5,2.10K,-0.65,1231.84,1232.97,1235.69,1229.21,-0.06
2023-01-27,1936.6,1936.8,1943.0,1923.7,2.33K,-0.05,1229.62,1232.26,1236.55,1227.22,-0.18
2023-01-28,,,,,,,,,,,
2023-01-29,,,,,,,,,,,
2023-01-30,1922.9,1928.3,1933.6,1920.3,27.22K,-0.71,1231.46,1230.2,1232.61,1226.31,0.15
2023-01-31,1929.5,1923.0,1930.4,1900.6,1.91K,0.34,1233.3,1231.88,1239.12,1227.83,0.15
2023-02-01,1927.8,1927.2,1955.0,1922.0,2.29K,-0.09,1222.28,1233.72,1234.22,1220.35,-0.89
2023-02-02,1916.3,1952.3,1959.1,1911.3,0.75K,-0.6,1224.78,1222.26,1226.37,1215.83,0.2
2023-02-03,1862.9,1912.4,1917.0,1861.5,0.99K,-2.79,1247.46,1225.19,1250.36,1224.08,1.85
2023-02-04,,,,,,,,,,,
2023-02-05,,,,,,,,,,,
2023-02-06,1866.2,1865.6,1880.0,1863.4,0.42K,0.18,1260.25,1247.35,1263.96,1243.92,1.03
2023-02-07,1871.7,1870.0,1875.7,1868.0,0.30K,0.29,1255.68,1261.47,1264.61,1252.26,-0.36
2023-02-08,1877.4,1872.1,1880.4,1872.1,0.23K,0.3,1260.46,1255.81,1262.96,1251.4,0.38
2023-02-09,1866.2,1875.3,1884.6,1859.8,0.22K,-0.6,1264.44,1260.87,1266.51,1254.76,0.32
2023-02-10,1862.8,1861.6,1863.5,1852.4,0.03K,-0.18,1267.45,1264.87,1269.71,1259.44,0.24
2023-02-11,,,,,,,,,,,
2023-02-12,,,,,,,,,,,
2023-02-13,1851.9,1859.0,1861.0,1850.0,0.57K,-0.59,1272.89,1266.25,1280.43,1266.25,0.43
2023-02-14,1854.0,1854.1,1862.0,1846.2,0.66K,0.11,1272.53,1273.31,1275.33,1261.58,-0.03
2023-02-15,1834.2,1842.0,1842.0,1828.2,0.37K,-1.07,1283.54,1272.59,1289.01,1272.04,0.87
2023-02-16,1842.0,1838.6,1843.7,1827.2,0.22K,0.43,1289.51,1283.97,1295.56,1278.79,0.47
2023-02-17,1840.4,1827.4,1842.2,1818.4,0.04K,-0.09,1295.87,1289.94,1303.93,1289.52,0.49
2023-02-18,,,,,,,,,,,
2023-02-19,1847.75,1851.2,1852.15,1847.55,,0.4,,,,,
2023-02-20,1850.5,1847.55,1856.35,1846.3,,0.15,1296.04,1297.55,1299.74,1292.94,0.01
2023-02-21,1842.5,1850.5,1856.4,1839.0,210.17K,-0.43,1305.75,1296.42,1310.2,1293.26,0.75
2023-02-22,1833.3,1837.0,1846.4,1825.1,0.57K,-0.5,1302.65,1306.16,1307.57,1298.52,-0.24
2023-02-23,1818.8,1823.6,1832.7,1818.3,0.65K,-0.79,1297.89,1303.05,1306.55,1293.32,-0.37
2023-02-24,1809.2,1825.2,1827.1,1808.8,0.40K,-0.53,1314.45,1298.03,1318.57,1296.29,1.28
2023-02-25,,,,,,,,,,,
2023-02-26,,,,,,,,,,,
2023-02-27,1824.9,1818.0,1827.3,1812.0,130.43K,0.87,1317.4,1314.55,1325.79,1311.97,0.22
2023-02-28,1836.7,1823.9,1838.6,1810.8,184.51K,0.65,1323.02,1318.4,1327.21,1314.42,0.43
2023-03-01,1845.4,1834.0,1852.5,1829.6,182.58K,0.47,1305.41,1323.44,1324.52,1298.59,-1.33
2023-03-02,1840.5,1843.8,1845.3,1835.9,139.76K,-0.27,1310.97,1305.83,1317.68,1303.84,0.43
2023-03-03,1854.6,1842.1,1864.4,1842.0,158.96K,0.77,1295.73,1311.39,1312.18,1294.13,-1.16
2023-03-04,,,,,,,,,,,
2023-03-05,,,,,,,,,,,
2023-03-06,1854.6,1861.0,1864.3,1850.6,136.22K,0.0,1296.86,1294.1,1301.71,1293.28,0.09
2023-03-07,1820.0,1852.6,1856.9,1817.1,248.23K,-1.87,1318.29,1297.85,1320.19,1296.6,1.65
2023-03-08,1818.6,1818.0,1828.7,1813.4,208.29K,-0.08,1316.38,1318.31,1324.56,1312.56,-0.14
2023-03-09,1834.6,1818.0,1839.4,1815.4,228.47K,0.88,1325.51,1316.77,1327.76,1314.76,0.69
2023-03-10,1867.2,1835.1,1874.3,1830.0,345.81K,1.78,1320.24,1325.82,1329.78,1309.77,-0.4
2023-03-11,,,,,,,,,,,
2023-03-12,,,,,,,,,,,
2023-03-13,1916.5,1877.1,1919.5,1875.7,452.33K,2.64,1296.58,1319.1,1320.64,1296.14,-1.79
2023-03-14,1910.9,1919.4,1919.4,1899.8,261.28K,-0.29,1304.55,1296.94,1314.24,1296.23,0.61
2023-03-15,1948.1,1924.5,1959.1,1906.0,84.73K,1.95,1313.04,1304.94,1323.29,1295.9,0.65
2023-03-16,1939.7,1940.2,1954.6,1928.4,34.77K,-0.43,1300.85,1313.38,1317.07,1301.3,-0.93
2023-03-17,1990.2,1942.7,2010.4,1939.1,67.46K,2.6,1308.37,1301.84,1309.71,1298.24,0.58
2023-03-18,,,,,,,,,,,
2023-03-19,,,,,,,,,,,
2023-03-20,1999.7,2008.6,2031.7,1987.0,69.06K,0.48,1304.36,1309.1,1314.03,1299.35,-0.31
2023-03-21,1958.3,2000.7,2005.7,1955.9,65.17K,-2.07,1303.42,1303.87,1311.59,1301.99,-0.07
2023-03-22,1966.6,1959.7,1999.4,1953.7,60.53K,0.42,1297.85,1303.82,1310.36,1288.56,-0.43
2023-03-23,2013.3,1992.5,2023.3,1984.4,74.55K,2.37,1286.23,1297.58,1300.3,1275.81,-0.9
2023-03-24,2001.7,2013.3,2023.9,1995.7,118.69K,-0.58,1294.66,1286.67,1307.96,1283.16,0.66
2023-03-25,,,,,,,,,,,
2023-03-26,,,,,,,,,,,
2023-03-27,1971.5,2000.3,2001.5,1962.7,107.04K,-1.51,1297.92,1295.24,1303.91,1294.14,0.25
2023-03-28,1973.5,1957.8,1977.1,1949.9,183.58K,0.1,1297.04,1298.35,1301.38,1293.24,-0.07
2023-03-29,1966.9,1975.4,1976.0,1959.5,88.56K,-0.33,1305.3,1297.46,1308.45,1294.95,0.64
2023-03-30,1980.3,1965.9,1984.4,1954.9,10.12K,0.68,1296.55,1307.13,1308.17,1296.24,-0.67
2023-03-31,1969.0,1981.3,1986.8,1968.0,0.96K,-0.57,1306.11,1296.97,1308.53,1288.35,0.74
2023-04-01,,,,,,,,,,,
2023-04-02,,,,,,,,,,,
2023-04-03,1983.9,1968.1,1991.7,1950.0,0.74K,0.76,1308.58,1306.47,1320.92,1305.7,0.19
2023-04-04,2022.2,1984.6,2027.1,1979.0,0.81K,1.93,1310.08,1308.76,1317.58,1304.58,0.11
2023-04-05,2020.9,2022.1,2033.8,2013.6,0.53K,-0.06,1317.05,1310.54,1318.41,1308.71,0.53
2023-04-06,2011.9,2022.2,2023.3,2005.0,0.49K,-0.45,1318.5,1317.36,1322.65,1314.65,0.11
2023-04-07,,,,,,,1316.3,1318.99,1320.22,1314.53,-0.17
2023-04-08,,,,,,,,,,,
2023-04-09,,,,,,,,,,,
2023-04-10,1989.1,2000.0,2006.6,1984.0,0.65K,-1.13,1320.62,1316.39,1324.02,1315.3,0.33
2023-04-11,2004.8,1991.4,2006.5,1991.4,0.07K,0.79,1322.03,1320.99,1324.81,1316.26,0.11
2023-04-12,2010.9,2005.2,2025.7,2005.2,0.17K,0.3,1322.63,1322.45,1328.49,1319.39,0.05
2023-04-13,2041.3,2015.6,2048.6,2015.6,1.04K,1.51,1301.14,1323.07,1327.66,1299.31,-1.62
2023-04-14,2002.2,2041.0,2047.8,1995.0,0.72K,-1.92,1304.0,1301.94,1307.83,1294.29,0.22
2023-04-15,,,,,,,,,,,
2023-04-16,,,,,,,,,,,
2023-04-17,1994.2,2002.7,2007.6,1983.2,0.55K,-0.4,1319.11,1304.38,1322.67,1303.7,1.16
2023-04-18,2010.3,1997.1,2013.4,1994.5,0.22K,0.81,1319.13,1319.51,1321.44,1315.72,0.0
2023-04-19,1998.0,2008.5,2009.7,1971.9,0.92K,-0.61,1329.71,1319.55,1336.54,1313.69,0.8
2023-04-20,2009.8,1996.5,2014.5,1994.2,0.42K,0.59,1323.61,1330.14,1332.97,1318.97,-0.46
2023-04-21,1981.3,2005.1,2007.0,1973.0,0.62K,-1.42,1329.36,1324.04,1333.07,1321.24,0.43
2023-04-22,,,,,,,,,,,
2023-04-23,,,,,,,,,,,
2023-04-24,1990.6,1983.2,1991.0,1975.3,0.54K,0.47,1332.51,1330.38,1337.64,1328.48,0.24
2023-04-25,1995.1,1995.4,2005.0,1979.3,0.85K,0.23,1340.89,1332.94,1344.19,1328.19,0.63
2023-04-26,1986.9,2000.0,2009.8,1986.6,0.62K,-0.41,1338.01,1341.31,1341.95,1334.47,-0.21
2023-04-27,1999.0,1999.8,2013.3,1982.0,203.90K,0.61,1339.17,1338.44,1346.63,1336.69,0.09
2023-04-28,1999.1,1997.2,2004.1,1984.4,172.45K,0.01,1337.78,1339.57,1342.19,1336.21,-0.1
2023-04-29,,,,,,,,,,,
2023-04-30,,,,,,,,,,,
2023-05-01,1992.2,2000.2,2015.4,1985.7,173.02K,-0.35,1342.18,1338.17,1343.95,1336.43,0.33
2023-05-02,2023.3,1990.5,2028.8,1986.9,245.64K,1.56,1342.21,1343.07,1344.08,1337.36,0.0
2023-05-03,2037.0,2026.4,2050.0,2016.0,229.67K,0.68,1334.44,1342.64,1343.21,1329.31,-0.58
2023-05-04,2055.7,2054.7,2085.4,2038.5,311.00K,0.92,1322.95,1335.41,1335.99,1320.29,-0.86
2023-05-05,2024.8,2058.0,2061.3,2007.0,283.30K,-1.5,1317.47,1323.27,1323.74,1315.11,-0.41
2023-05-06,,,,,,,,,,,
2023-05-07,,,,,,,,,,,
2023-05-08,2033.2,2024.6,2037.1,2022.0,182.21K,0.41,1321.49,1317.96,1326.23,1317.94,0.31
2023-05-09,2042.9,2028.4,2045.1,2026.4,199.70K,0.48,1325.92,1322.71,1327.36,1319.61,0.34
2023-05-10,2037.1,2041.6,2056.0,2028.3,260.81K,-0.28,1317.76,1326.33,1327.13,1316.5,-0.62
2023-05-11,2020.5,2036.8,2047.6,2016.7,296.98K,-0.81,1330.83,1318.21,1334.74,1315.58,0.99
2023-05-12,2019.8,2020.5,2027.8,2005.7,220.50K,-0.03,1342.41,1331.14,1343.35,1329.04,0.87
2023-05-13,,,,,,,,,,,
2023-05-14,,,,,,,,,,,
2023-05-15,2018.0,2013.8,2017.1,2013.8,0.00K,-0.09,1335.36,1342.48,1342.85,1333.86,-0.53
2023-05-16,1988.4,2021.3,2022.7,1989.1,0.05K,-1.47,1342.35,1335.79,1343.63,1332.91,0.52
2023-05-17,1980.7,1983.6,1983.6,1983.6,0.01K,-0.39,1334.23,1342.78,1343.91,1332.44,-0.6
2023-05-18,1956.5,1956.8,1956.8,1956.8,0.02K,-1.22,1334.43,1334.71,1338.79,1329.16,0.01
2023-05-19,1978.7,1960.0,1976.7,1960.0,0.11K,1.13,1325.2,1333.99,1335.94,1323.3,-0.69
2023-05-20,,,,,,,,,,,
2023-05-21,,,,,,,,,,,
2023-05-22,1974.8,1980.5,1980.5,1980.5,0.01K,-0.2,1313.75,1325.21,1326.34,1313.06,-0.86
2023-05-23,1972.4,1973.9,1980.0,1955.8,0.00K,-0.12,1319.21,1314.17,1322.53,1307.65,0.42
2023-05-24,1962.8,1975.4,1975.4,1969.2,0.19K,-0.49,1318.43,1320.26,1322.18,1314.28,-0.06
2023-05-25,1943.1,1959.5,1965.4,1939.0,0.00K,-1.0,1331.19,1318.77,1332.06,1316.49,0.97
2023-05-26,1963.1,1961.8,1975.7,1954.7,130.07K,1.03,1322.66,1331.2,1331.93,1322.72,-0.64
2023-05-27,,,,,,,,,,,
2023-05-28,1961.5,1964.55,1964.55,1960.05,,-0.08,,,,,
2023-05-29,1959.75,1961.45,1968.15,1958.1,,-0.09,1324.07,1323.43,1326.76,1320.98,0.11
2023-05-30,1977.1,1961.3,1981.9,1949.6,264.37K,0.89,1319.76,1324.96,1327.01,1316.9,-0.33
2023-05-31,1982.1,1977.5,1993.1,1971.8,207.75K,0.25,1320.56,1320.16,1328.75,1315.56,0.06
2023-06-01,1995.5,1981.3,2000.7,1970.1,176.91K,0.68,1312.64,1322.33,1325.07,1312.41,-0.6
2023-06-02,1969.6,1994.6,2000.5,1963.7,209.69K,-1.3,1305.92,1313.18,1314.48,1298.61,-0.51
2023-06-03,,,,,,,,,,,
2023-06-04,,,,,,,,,,,
2023-06-05,1974.3,1962.3,1980.4,1953.8,179.99K,0.24,1300.78,1306.06,1311.02,1300.57,-0.39
2023-06-06,1981.5,1978.0,1982.9,1970.3,136.00K,0.36,1299.19,1301.08,1304.31,1295.74,-0.12
2023-06-07,1958.4,1980.0,1986.5,1955.4,189.53K,-1.17,1308.26,1299.61,1309.44,1296.23,0.7
2023-06-08,1978.6,1956.2,1985.7,1955.2,191.84K,1.03,1295.47,1308.66,1309.3,1296.15,-0.98
2023-06-09,1977.2,1980.5,1987.8,1971.0,130.41K,-0.07,1287.32,1296.59,1298.65,1286.58,-0.63
2023-06-10,,,,,,,,,,,
2023-06-11,,,,,,,,,,,
2023-06-12,1969.7,1975.6,1981.4,1963.1,122.54K,-0.38,1284.54,1287.69,1294.65,1282.8,-0.22
2023-06-13,1958.6,1971.4,1985.9,1953.0,198.40K,-0.56,1267.7,1284.86,1285.88,1267.07,-1.31
2023-06-14,1968.9,1957.2,1973.9,1952.5,199.71K,0.53,1274.01,1268.02,1280.42,1265.75,0.5
2023-06-15,1961.8,1948.8,1963.7,1929.6,0.82K,-0.36,1270.0,1274.39,1286.48,1269.8,-0.31
2023-06-16,1962.2,1961.3,1970.6,1956.7,0.62K,0.02,1276.15,1270.4,1280.96,1268.08,0.48
2023-06-17,,,,,,,,,,,
2023-06-18,1969.45,1970.85,1971.7,1968.65,,0.37,,,,,
2023-06-19,1964.05,1969.55,1970.85,1959.9,,-0.27,1282.26,1277.24,1284.54,1276.4,0.48
2023-06-20,1938.9,1961.7,1961.7,1932.4,0.74K,-1.28,1288.23,1283.26,1290.36,1277.99,0.47
2023-06-21,1936.1,1939.5,1940.7,1922.2,0.81K,-0.14,1288.33,1288.74,1296.95,1285.94,0.01
2023-06-22,1915.0,1935.9,1935.9,1914.0,0.37K,-1.09,1298.18,1288.74,1303.21,1286.1,0.76
2023-06-23,1921.0,1915.0,1939.3,1911.3,0.75K,0.31,1308.41,1298.59,1311.37,1296.25,0.79
2023-06-24,,,,,,,,,,,
2023-06-25,,,,,,,,,,,
2023-06-26,1925.1,1926.4,1934.5,1923.0,0.77K,0.21,1304.98,1308.74,1309.57,1300.82,-0.26
2023-06-27,1915.1,1927.4,1930.2,1912.3,0.23K,-0.52,1299.18,1305.42,1308.35,1295.35,-0.44
2023-06-28,1913.4,1915.2,1916.7,1903.6,0.63K,-0.09,1308.9,1299.48,1313.46,1297.3,0.75
2023-06-29,1917.9,1916.5,1921.3,1900.6,205.25K,0.24,1322.21,1309.31,1323.57,1305.18,1.02
2023-06-30,1929.4,1916.4,1930.8,1908.1,180.69K,0.6,1315.11,1323.18,1324.54,1314.57,-0.54
2023-07-01,,,,,,,,,,,
2023-07-02,,,,,,,,,,,
2023-07-03,1929.5,1927.8,1939.9,1917.7,152.96K,0.01,1304.2,1316.97,1317.31,1302.69,-0.83
2023-07-04,1933.95,1928.85,1938.05,1927.75,,0.23,1294.35,1304.66,1308.34,1293.04,-0.76
2023-07-05,1927.1,1929.1,1942.9,1922.1,245.93K,-0.35,1303.59,1294.81,1306.51,1294.41,0.71
2023-07-06,1915.4,1922.4,1934.0,1908.5,231.51K,-0.61,1309.11,1304.0,1314.69,1299.98,0.42
2023-07-07,1932.5,1916.6,1941.1,1915.4,214.27K,0.89,1297.9,1309.46,1310.59,1295.96,-0.86
2023-07-08,,,,,,,,,,,
2023-07-09,,,,,,,,,,,
2023-07-10,1931.0,1930.7,1933.7,1918.0,208.09K,-0.08,1299.4,1299.1,1307.9,1298.25,0.12
2023-07-11,1937.1,1930.8,1944.5,1929.8,189.37K,0.32,1291.47,1299.8,1302.0,1289.94,-0.61
2023-07-12,1961.7,1938.0,1965.1,1937.5,270.87K,1.27,1274.49,1291.87,1296.08,1273.7,-1.31
2023-07-13,1963.8,1962.7,1968.5,1956.6,241.22K,0.11,1266.73,1274.8,1280.03,1265.92,-0.61
2023-07-14,1964.4,1965.2,1967.8,1954.7,209.31K,0.03,1268.31,1267.16,1271.49,1259.82,0.12
2023-07-15,,,,,,,,,,,
2023-07-16,,,,,,,,,,,
2023-07-17,1956.4,1958.6,1963.6,1949.0,165.83K,-0.41,1263.17,1269.32,1271.08,1263.31,-0.41
2023-07-18,1980.8,1958.3,1988.3,1958.1,264.09K,1.25,1264.95,1263.72,1267.55,1256.71,0.14
2023-07-19,1980.8,1982.5,1984.6,1973.3,159.41K,0.0,1266.94,1265.31,1269.46,1261.67,0.16
2023-07-20,1970.9,1980.0,1989.8,1967.7,189.93K,-0.5,1276.53,1267.94,1280.3,1261.56,0.76
2023-07-21,1966.6,1972.1,1975.9,1958.8,156.54K,-0.22,1286.19,1277.13,1290.69,1275.92,0.76
2023-07-22,,,,,,,,,,,
2023-07-23,,,,,,,,,,,
2023-07-24,1981.6,1983.2,1988.7,1974.7,6.44K,0.76,1280.45,1286.65,1288.98,1277.03,-0.45
2023-07-25,1983.1,1976.1,1986.2,1971.1,8.63K,0.08,1276.18,1280.88,1285.61,1273.79,-0.33
2023-07-26,1989.7,1985.9,1999.3,1982.8,11.94K,0.33,1270.8,1276.58,1282.78,1268.14,-0.42
2023-07-27,1965.3,1991.8,2002.0,1961.4,16.91K,-1.23,1283.78,1271.42,1284.94,1266.98,1.02
2023-07-28,1999.9,1985.3,2002.0,1983.9,159.60K,1.76,1272.83,1284.17,1284.89,1273.28,-0.85
2023-07-29,,,,,,,,,,,
2023-07-30,,,,,,,,,,,
2023-07-31,2009.2,1997.9,2010.9,1986.7,139.96K,0.47,1277.86,1273.33,1279.42,1269.82,0.4
2023-08-01,1978.8,2004.2,2004.4,1978.3,167.76K,-1.51,1289.0,1278.28,1291.1,1274.88,0.87
2023-08-02,1975.0,1988.9,1992.2,1969.1,169.66K,-0.19,1298.93,1289.4,1303.09,1286.94,0.77
2023-08-03,1968.8,1970.8,1974.5,1964.5,141.35K,-0.31,1299.01,1299.47,1304.23,1294.55,0.01
2023-08-04,1976.1,1969.6,1984.2,1954.5,156.42K,0.37,1304.08,1299.93,1312.38,1296.82,0.39
2023-08-05,,,,,,,,,,,
2023-08-06,,,,,,,,,,,
2023-08-07,1970.0,1977.6,1981.7,1966.1,104.41K,-0.31,1307.3,1304.29,1309.06,1298.8,0.25
2023-08-08,1959.9,1971.5,1972.8,1956.5,142.34K,-0.51,1316.72,1307.93,1322.69,1305.2,0.72
2023-08-09,1950.6,1959.3,1966.1,1947.2,139.26K,-0.47,1313.08,1317.02,1322.29,1309.7,-0.28
2023-08-10,1948.9,1947.7,1963.5,1944.4,168.26K,-0.09,1316.9,1313.1,1319.91,1308.18,0.29
2023-08-11,1946.6,1944.9,1953.6,1942.7,122.32K,-0.12,1330.3,1318.14,1333.92,1316.17,1.02
2023-08-12,,,,,,,,,,,
2023-08-13,,,,,,,,,,,
2023-08-14,1944.0,1945.6,1948.2,1934.2,120.98K,-0.13,1336.8,1330.6,1339.72,1327.69,0.49
2023-08-15,1935.2,1939.4,1944.3,1927.5,167.15K,-0.45,1336.42,1337.94,1340.47,1332.55,-0.03
2023-08-16,1928.3,1933.1,1938.2,1922.0,128.61K,-0.36,1341.22,1336.87,1345.77,1334.01,0.36
2023-08-17,1915.2,1922.4,1933.5,1914.2,152.33K,-0.68,1339.27,1341.94,1344.35,1334.99,-0.15
2023-08-18,1916.5,1919.2,1926.0,1915.9,114.74K,0.07,1339.17,1339.76,1344.81,1332.44,-0.01
2023-08-19,,,,,,,,,,,
2023-08-20,,,,,,,,,,,
2023-08-21,1923.0,1918.4,1927.9,1913.6,138.11K,0.34,1339.15,1340.17,1344.83,1338.05,0.0
2023-08-22,1926.0,1924.0,1933.2,1917.5,131.09K,0.16,1339.81,1340.04,1342.58,1334.09,0.05
2023-08-23,1948.1,1926.8,1949.7,1926.2,170.04K,1.15,1326.42,1340.81,1342.31,1326.69,-1.0
2023-08-24,1947.1,1944.9,1951.3,1939.2,137.39K,-0.05,1327.35,1327.92,1330.24,1317.88,0.07
2023-08-25,1939.9,1944.9,1950.4,1931.0,166.99K,-0.37,1323.53,1328.34,1330.61,1319.82,-0.29
2023-08-26,,,,,,,,,,,
2023-08-27,,,,,,,,,,,
2023-08-28,1946.8,1944.0,1954.2,1940.1,115.55K,0.36,1323.81,1324.57,1327.77,1319.1,0.02
2023-08-29,1965.1,1948.1,1966.5,1941.7,174.22K,0.94,1318.06,1324.21,1329.14,1318.13,-0.43
2023-08-30,1973.0,1966.0,1977.1,1962.8,142.38K,0.4,1323.49,1318.6,1326.22,1318.53,0.41
2023-08-31,1965.9,1970.2,1974.9,1965.5,133.71K,-0.36,1325.14,1323.79,1326.86,1320.0,0.12
2023-09-01,1967.1,1966.4,1980.2,1960.7,160.73K,0.06,1317.55,1325.46,1326.37,1311.88,-0.57
2023-09-02,,,,,,,,,,,
2023-09-03,1966.65,1966.4,1967.05,1965.5,,-0.02,,,,,
2023-09-04,1963.25,1966.6,1972.55,1962.55,,-0.17,1317.21,1318.45,1322.0,1315.59,-0.03
2023-09-05,1952.6,1966.7,1972.6,1950.6,192.79K,-0.54,1329.05,1318.41,1335.68,1316.81,0.9
2023-09-06,1944.2,1951.5,1954.5,1940.0,148.78K,-0.43,1333.58,1329.95,1337.99,1328.42,0.34
2023-09-07,1942.5,1942.2,1947.9,1940.3,117.17K,-0.09,1333.45,1334.53,1339.07,1330.48,-0.01
2023-09-08,1942.7,1943.8,1954.0,1940.8,138.69K,0.01,1334.96,1334.78,1337.75,1331.49,0.11
2023-09-09,,,,,,,,,,,
2023-09-10,,,,,,,,,,,
2023-09-11,1947.2,1943.3,1954.6,1939.5,131.08K,0.23,1325.49,1336.34,1336.44,1325.18,-0.71
2023-09-12,1935.1,1945.6,1947.5,1929.9,161.99K,-0.62,1326.15,1326.05,1329.44,1323.05,0.05
2023-09-13,1932.5,1935.2,1938.4,1927.2,161.00K,-0.13,1326.59,1326.72,1332.05,1323.66,0.03
2023-09-14,1932.8,1930.7,1934.5,1921.7,201.74K,0.02,1329.52,1328.2,1331.11,1323.11,0.22
2023-09-15,1946.2,1932.5,1952.4,1931.2,199.77K,0.69,1328.46,1330.02,1330.83,1324.49,-0.08
2023-09-16,,,,,,,,,,,
2023-09-17,,,,,,,,,,,
2023-09-18,1953.4,1945.7,1955.7,1943.8,138.03K,0.37,1323.57,1329.42,1330.06,1322.69,-0.37
2023-09-19,1953.7,1955.3,1958.9,1950.9,131.10K,0.02,1328.62,1324.05,1329.47,1319.43,0.38
2023-09-20,1967.1,1953.0,1968.9,1948.6,220.98K,0.69,1332.92,1328.99,1335.94,1323.63,0.32
2023-09-21,1939.6,1952.0,1952.2,1933.1,225.91K,-1.4,1339.0,1333.44,1344.65,1331.67,0.46
2023-09-22,1945.6,1939.6,1949.1,1939.6,139.93K,0.31,1334.03,1339.57,1341.81,1330.74,-0.37
2023-09-23,,,,,,,,,,,
2023-09-24,,,,,,,,,,,
2023-09-25,1936.6,1944.7,1946.8,1933.8,164.26K,-0.46,1338.01,1335.56,1341.47,1330.14,0.3
2023-09-26,1919.8,1935.1,1935.5,1917.2,212.26K,-0.87,1352.93,1339.69,1354.97,1337.31,1.12
2023-09-27,1890.9,1918.8,1921.7,1890.3,238.53K,-1.51,1354.54,1354.1,1360.16,1347.32,0.12
2023-09-28,1878.6,1893.3,1896.8,1874.5,231.42K,-0.65,1349.56,1355.47,1357.75,1347.39,-0.37
2023-09-29,1866.1,1882.3,1896.7,1862.3,245.13K,-0.67,1352.31,1350.56,1353.68,1341.73,0.2
2023-09-30,,,,,,,,,,,
2023-10-01,,,,,,,,,,,
2023-10-02,1847.2,1864.4,1864.7,1842.7,202.15K,-1.01,1355.84,1352.65,1359.72,1349.2,0.26
2023-10-03,1841.5,1844.9,1849.3,1830.9,216.78K,-0.31,1361.08,1357.14,1363.75,1354.97,0.39
2023-10-04,1834.8,1838.7,1846.8,1831.6,195.05K,-0.36,1351.62,1362.05,1364.12,1350.01,-0.7
2023-10-05,1831.8,1837.6,1843.5,1826.2,172.46K,-0.16,1345.72,1352.55,1354.43,1344.94,-0.44
2023-10-06,1845.2,1834.3,1849.0,1823.5,231.02K,0.73,1344.61,1346.34,1357.1,1342.78,-0.08
2023-10-07,,,,,,,,,,,
2023-10-08,,,,,,,,,,,
2023-10-09,1864.3,1861.0,1877.3,1857.5,187.80K,1.04,1346.51,1344.51,1354.99,1344.17,0.14
2023-10-10,1875.3,1875.4,1879.1,1866.1,157.34K,0.59,1341.33,1347.67,1352.16,1341.92,-0.38
2023-10-11,1887.3,1873.7,1890.9,1871.7,169.96K,0.64,1338.42,1342.62,1343.91,1337.07,-0.22
2023-10-12,1883.0,1888.1,1898.3,1880.6,163.48K,-0.23,1348.96,1339.54,1351.63,1335.28,0.79
2023-10-13,1941.5,1881.7,1946.2,1881.5,312.99K,3.11,1352.21,1349.4,1353.95,1347.19,0.24
2023-10-14,,,,,,,,,,,
2023-10-15,,,,,,,,,,,
2023-10-16,1934.3,1941.3,1943.0,1921.2,182.82K,-0.37,1347.91,1353.08,1356.62,1347.69,-0.32
2023-10-17,1935.7,1933.3,1944.5,1924.6,165.06K,0.07,1352.98,1348.25,1357.92,1347.13,0.38
2023-10-18,1968.3,1936.7,1975.8,1935.9,270.05K,1.68,1353.86,1353.55,1358.31,1347.54,0.07
2023-10-19,1980.5,1960.1,1990.2,1957.0,264.82K,0.62,1356.02,1355.48,1360.86,1352.65,0.16
2023-10-20,1994.4,1988.0,2009.2,1983.7,,0.7,1349.08,1357.11,1359.78,1349.18,-0.51
2023-10-21,,,,,,,,,,,
2023-10-22,,,,,,,,,,,
2023-10-23,1978.2,1977.9,1983.1,1963.6,0.45K,-0.81,1342.12,1350.34,1355.31,1342.7,-0.52
2023-10-24,1986.1,1984.1,1992.0,1964.6,200.94K,0.4,1343.88,1343.69,1347.76,1340.23,0.13
2023-10-25,1994.9,1982.7,1998.6,1973.6,240.66K,0.44,1352.44,1344.34,1354.15,1343.22,0.64
2023-10-26,1997.4,1991.2,2003.7,1981.6,214.05K,0.13,1352.69,1352.9,1360.72,1351.7,0.02
2023-10-27,1998.5,1995.0,2019.7,1986.4,213.76K,0.06,1354.91,1353.57,1358.34,1347.76,0.16
