date,close,won_yen,won_yuan,,
2015.12.9,1179.3,960.89,181.62,,
2015.12.10,1181.3,970.9,181.22,,
2015.12.11,1179.5,966.33,181.09,,
2015.12.14,1184.8,977.72,180.83,,
2015.12.15,1183.4,979.55,180.76,,
2015.12.16,1176.2,965.52,180.5,,
2015.12.17,1180.1,963.74,180.21,,
2015.12.18,1183,970.63,180.34,,
2015.12.21,1177.6,970.1,179.78,,
2015.12.22,1173.3,967.91,179.27,,
2015.12.23,1173.1,969.34,179.49,,
2015.12.24,1167.8,968.49,178.57,,
2015.12.28,1165.4,967.78,178.12,,
2015.12.29,1169.6,972.16,178.08,,
2015.12.30,1172.5,974.08,177.85,,
2016.1.4,1187.7,994.81,179.45,,
2016.1.5,1188,994.89,179.02,,
2016.1.6,1197.9,1008.84,179.13,,
2016.1.7,1200.6,1017.37,179.4,,
2016.1.8,1198.1,1012.68,179.24,,
2016.1.11,1209.8,1031.37,181.46,,
2016.1.12,1210.3,1029.52,183.89,,
2016.1.13,1204,1017.84,183.13,,
2016.1.14,1213.4,1031.54,183.77,,
2016.1.15,1213.4,1029.53,183.29,,
2016.1.18,1210.9,1033.28,183.93,,
2016.1.19,1205.9,1024.38,182.75,,
2016.1.20,1214,1038.58,184.04,,
2016.1.21,1213.7,1039.04,183.54,,
2016.1.22,1200.1,1016.26,181.76,,
2016.1.25,1194.2,1005.81,180.66,,
2016.1.26,1204.2,1019.99,182.01,,
2016.1.27,1202,1015.97,181.96,,
2016.1.28,1208.5,1018.8,182.7,,
2016.1.29,1199.1,994.69,181.24,,
2016.2.1,1200.5,989.12,181.7,,
2016.2.2,1207.4,1002.57,182.5,,
2016.2.3,1219.3,1019.48,183.6,,
2016.2.4,1202.1,1019.51,181.73,,
2016.2.5,1197.4,1024.64,182.09,,
2016.2.11,1202.5,1066.71,184.03,,
2016.2.12,1211.7,1077.64,185.18,,
2016.2.15,1208.1,1060.57,186.05,,
2016.2.16,1216.6,1061.79,186.7,,
2016.2.17,1227.1,1077.54,187.95,,
2016.2.18,1227.4,1077.71,188.16,,
2016.2.19,1234.4,1091.81,189.19,,
2016.2.22,1234.4,1093.26,189.23,,
2016.2.23,1231.1,1095.09,188.43,,
2016.2.24,1234.4,1104.31,188.88,,
2016.2.25,1238.8,1101.45,189.54,,
2016.2.26,1238.2,1099.64,189.34,,
2016.2.29,1236.7,1094.91,188.9,,
2016.3.2,1227.5,1077.79,187.35,,
2016.3.3,1214.6,1064.32,185.69,,
2016.3.4,1203.4,1057,185.01,,
2016.3.7,1201.4,1056.83,184.61,,
2016.3.8,1206.7,1066.46,185.4,,
2016.3.9,1216.2,1080.39,186.62,,
2016.3.10,1203.5,1058.11,184.6,,
2016.3.11,1193.1,1052.02,183.96,,
2016.3.14,1186.1,1042.18,182.8,,
2016.3.15,1187.7,1047.45,182.73,,
2016.3.16,1193.3,1052.29,183.02,,
2016.3.17,1173.3,1045.91,180.66,,
2016.3.18,1162.5,1042.04,179.86,,
2016.3.21,1163.5,1043.78,179.53,,
2016.3.22,1153.6,1029.36,178.01,,
2016.3.23,1161.2,1033.19,178.77,,
2016.3.24,1166.3,1033.95,179.03,,
2016.3.28,1166.2,1027.22,178.7,,
2016.3.29,1163.8,1024.74,178.71,,
2016.3.30,1150.8,1024.85,177.42,,
2016.3.31,1143.5,1018.53,176.63,,
2016.4.1,1154.2,1028.88,178.36,,
2016.4.4,1146.1,1028.91,177.14,,
2016.4.5,1155.1,1042.79,178.32,,
2016.4.6,1156.1,1048.14,178.26,,
2016.4.7,1151.4,1057.49,177.65,,
2016.4.8,1153.8,1061.45,177.8,,
2016.4.11,1146.5,1062.66,177.03,,
2016.4.12,1145.8,1057.79,176.92,,
2016.4.14,1156.7,1057.12,177.95,,
2016.4.15,1146.2,1045.8,176.63,,
2016.4.18,1150.2,1065.2,177.33,,
2016.4.19,1136.3,1042.19,175.34,,
2016.4.20,1135.2,1042.04,175.39,,
2016.4.21,1132.9,1033.01,174.84,,
2016.4.22,1143.1,1036.17,176.1,,
2016.4.25,1147.8,1032.66,176.29,,
2016.4.26,1151,1037.87,176.94,,
2016.4.27,1148.3,1032.55,176.62,,
2016.4.28,1138.2,1044.6,175.16,,
2016.4.29,1139.3,1061.79,175.8,,
2016.5.2,1137.8,1067.96,175.43,,
2016.5.3,1140.2,1076.88,175.93,,
2016.5.4,1154.3,1077.98,177.52,,
2016.5.9,1165.8,1083.86,178.88,,
2016.5.10,1172.6,1077.96,179.28,,
2016.5.11,1167.6,1074.15,178.71,,
2016.5.12,1162.6,1067.49,177.89,,
2016.5.13,1171.4,1076.95,179.02,,
2016.5.16,1179.7,1084.58,180.1,,
2016.5.17,1173.7,1074.92,179.45,,
2016.5.18,1182.6,1082.37,180.58,,
2016.5.19,1191.7,1080.03,181.52,,
2016.5.20,1190.2,1080.62,181.48,,
2016.5.23,1182.9,1077.32,180.3,,
2016.5.24,1192.7,1091.62,181.72,,
2016.5.25,1182.5,1075.49,180.2,,
2016.5.26,1180.4,1076.81,180.06,,
2016.5.27,1179.3,1074.53,179.67,,
2016.5.30,1191.8,1070.9,180.96,,
2016.5.31,1191.7,1071.09,180.85,,
2016.6.1,1193,1084.94,180.91,,
2016.6.2,1186.6,1087.53,180.16,,
2016.6.3,1183.6,1089.27,179.61,,
2016.6.7,1162.7,1080.02,176.8,,
2016.6.8,1156.6,1079.93,175.96,,
2016.6.9,1156,1083.56,175.97,,
2016.6.10,1165.5,1088.69,176.88,,
2016.6.13,1173.4,1109.02,177.85,,
2016.6.14,1173.2,1107.47,177.8,,
2016.6.15,1173.3,1105.48,177.62,,
2016.6.16,1171.4,1124.62,177.83,,
2016.6.17,1172.7,1123.76,177.84,,
2016.6.20,1160.8,1108.74,176.2,,
2016.6.21,1156.6,1108.33,175.72,,
2016.6.22,1154.4,1104.32,175.11,,
2016.6.23,1150.2,1098.83,174.69,,
2016.6.24,1179.9,1152.58,177.49,,
2016.6.27,1182.3,1162.14,177.55,,
2016.6.28,1171.3,1149.18,175.3,,
2016.6.29,1160.2,1135.5,174.2,,
2016.6.30,1151.8,1121.9,172.88,,
2016.7.1,1145,1113.33,171.72,,
2016.7.4,1146.9,1116.8,171.73,,
2016.7.5,1155.4,1131.47,172.91,,
2016.7.6,1165.6,1152.86,173.88,,
2016.7.7,1154.6,1146.12,172.41,,
2016.7.8,1161.8,1157.17,173.51,,
2016.7.11,1146.7,1130.03,171.25,,
2016.7.12,1148,1113.97,171.3,,
2016.7.13,1146.4,1099.19,171.4,,
2016.7.14,1137.4,1079.9,169.94,,
2016.7.15,1133.9,1073.06,169.48,,
2016.7.18,1136.4,1077.72,169.48,,
2016.7.19,1135.5,1070.67,169.25,,
2016.7.20,1141,1074.79,170.31,,
2016.7.21,1135.9,1060.55,170.22,,
2016.7.22,1134.4,1071.86,169.97,,
2016.7.25,1137,1071.18,169.98,,
2016.7.26,1134.9,1086.81,169.88,,
2016.7.27,1134.2,1075.02,169.96,,
2016.7.28,1124.4,1072.54,168.72,,
2016.7.29,1120.2,1081.12,168.3,,
2016.8.1,1108,1081.03,167,,
2016.8.2,1110,1085.95,166.9,,
2016.8.3,1117.6,1105.77,168.38,,
2016.8.4,1114,1097.7,167.79,,
2016.8.5,1110.4,1098.97,166.94,,
2016.8.8,1108.3,1085.13,166.2,,
2016.8.9,1106.1,1079.49,165.83,,
2016.8.10,1095.4,1080.33,164.59,,
2016.8.11,1099.5,1084.27,165.55,,
2016.8.12,1103.3,1080.87,165.79,,
2016.8.16,1092.2,1089.42,164.68,,
2016.8.17,1108.3,1098.03,166.98,,
2016.8.18,1107.2,1108.36,166.9,,
2016.8.19,1117.6,1116.2,168.02,,
2016.8.22,1126.5,1116.51,168.73,,
2016.8.23,1115.6,1114.32,167.61,,
2016.8.24,1122,1118.03,168.29,,
2016.8.25,1115.9,1111.95,167.3,,
2016.8.26,1113.7,1108.99,166.82,,
2016.8.29,1125,1098.9,168.2,,
2016.8.30,1119.9,1094.77,167.35,,
2016.8.31,1114.8,1080.39,166.6,,
2016.9.1,1122.1,1085.78,167.71,,
2016.9.2,1117.2,1079.47,167.01,,
2016.9.5,1105.1,1067.99,165.22,,
2016.9.6,1105.2,1066.38,165.11,,
2016.9.7,1090,1075.22,163.41,,
2016.9.8,1092.6,1074.07,163.76,,
2016.9.9,1098.4,1075.44,164.12,,
2016.9.12,1113.5,1086.02,166.45,,
2016.9.13,1118.8,1097.24,167.5,,
2016.9.19,1118.1,1095.53,167.63,,
2016.9.20,1120.6,1101.06,167.92,,
2016.9.21,1120.1,1091.77,167.74,,
2016.9.22,1103.3,1099.18,165.3,,
2016.9.23,1102.4,1093,165.16,,
2016.9.26,1107.9,1098.34,165.92,,
2016.9.27,1096.5,1086.88,164.2,,
2016.9.28,1096.8,1090.31,164.1,,
2016.9.29,1098.8,1080.38,164.39,,
2016.9.30,1101.3,1092.67,164.55,,
2016.10.4,1107.8,1083.48,165.82,,
2016.10.5,1113.7,1082.79,166.38,,
2016.10.6,1112.2,1073.86,166.14,,
2016.10.7,1115.5,1073.47,166.45,,
2016.10.10,1108.4,1075.23,165.15,,
2016.10.11,1120.4,1078.6,166.67,,
2016.10.12,1123.6,1084.09,167.18,,
2016.10.13,1135.9,1094.58,168.58,,
2016.10.14,1132.1,1087.93,168.19,,
2016.10.17,1137.9,1092.51,168.7,,
2016.10.18,1129.4,1086.12,167.46,,
2016.10.19,1123.2,1082.55,166.53,,
2016.10.20,1127.5,1087.53,167.15,,
2016.10.21,1134.9,1092.88,167.76,,
2016.10.24,1131,1089.33,166.93,,
2016.10.25,1133.5,1085.78,167.1,,
2016.10.26,1134,1088.03,167.32,,
2016.10.27,1142.5,1092,168.3,,
2016.10.28,1144.9,1086.96,168.6,,
2016.10.31,1144.5,1091.72,168.68,,
2016.11.1,1139.9,1088.05,167.97,,
2016.11.2,1149.8,1107.71,169.59,,
2016.11.3,1139.6,1109.53,168.22,,
2016.11.4,1143.4,1107.57,168.93,,
2016.11.7,1143.1,1094.66,168.4,,
2016.11.8,1135,1087.22,167.04,,
2016.11.9,1149.5,1123.71,169.17,,
2016.11.10,1150.6,1091.96,168.98,,
2016.11.11,1164.8,1092.99,170.49,,
2016.11.14,1171.9,1088.42,171.2,,
2016.11.15,1170.6,1082.64,170.26,,
2016.11.16,1169.2,1072.32,169.94,,
2016.11.17,1175.9,1076.49,170.72,,
2016.11.18,1183.2,1068.79,171.04,,
2016.11.21,1186.6,1068.38,171.5,,
2016.11.22,1176.1,1061.13,170.15,,
2016.11.23,1176.2,1059.88,169.97,,
2016.11.24,1180.1,1045.96,169.82,,
2016.11.25,1177.4,1036.67,169.7,,
2016.11.28,1170.4,1045.51,168.94,,
2016.11.29,1168.5,1043.3,169.01,,
2016.11.30,1169.1,1037.22,169.45,,
2016.12.1,1167.6,1024.88,169.22,,
2016.12.2,1172.6,1028.33,170.2,,
2016.12.5,1174.6,1034.8,170.72,,
2016.12.6,1171.4,1027.05,170.17,,
2016.12.7,1167.9,1022.28,169.25,,
2016.12.8,1158.5,1020.75,168.08,,
2016.12.9,1165.9,1018.88,168.61,,
2016.12.12,1168.2,1009.9,168.53,,
2016.12.13,1167,1012.32,168.4,,
2016.12.14,1169.7,1015.67,168.93,,
2016.12.15,1178.5,1004.05,169.98,,
2016.12.16,1183.9,1003.09,170.75,,
2016.12.19,1186.9,1011.81,170.92,,
2016.12.20,1193.4,1013.76,171.79,,
2016.12.21,1193.9,1015.18,171.99,,
2016.12.22,1199.1,1019.17,172.85,,
2016.12.23,1203,1025.14,173,,
2016.12.27,1207.6,1029.76,173.63,,
2016.12.28,1210.5,1029.73,173.96,,
2016.12.29,1207.7,1035.27,173.05,,
2017.1.2,1208,1033.49,173.1,,
2017.1.3,1203.5,1025.7,172.76,,
2017.1.4,1206.4,1022.07,173.83,,
2017.1.5,1186.3,1020.21,174.4,,
2017.1.6,1193,1029.11,174.88,,
2017.1.9,1208.3,1028.82,175.47,,
2017.1.10,1194.6,1034.82,173.8,,
2017.1.11,1196.4,1031.47,173.48,,
2017.1.12,1184.7,1034.04,171.93,,
2017.1.13,1174.7,1022.77,171.54,,
2017.1.16,1182.1,1037.7,172.44,,
2017.1.17,1174.5,1035.3,171.67,,
2017.1.18,1166.7,1029.7,171.09,,
2017.1.19,1177.6,1026.99,172.22,,
2017.1.20,1169.2,1019.4,171.03,,
2017.1.23,1165.5,1028.55,170.82,,
2017.1.24,1165.9,1031.68,170.99,,
2017.1.25,1166,1025.64,170.68,,
2017.1.26,1159.2,1020.47,169.65,,
2017.1.31,1162.1,1024.01,169.39,,
2017.2.1,1158.1,1021.79,169.42,,
2017.2.2,1146.8,1018.16,168.21,,
2017.2.3,1147.6,1014.41,168.31,,
2017.2.6,1137.9,1011.15,167.21,,
2017.2.7,1144.3,1023.48,167.9,,
2017.2.8,1147.2,1021.96,167.57,,
2017.2.9,1145.8,1021.35,167.26,,
2017.2.10,1150.6,1011.38,167.61,,
2017.2.13,1152,1013.55,167.5,,
2017.2.14,1137.4,1003.66,165.75,,
2017.2.15,1142.2,999.08,166.68,,
2017.2.16,1141.5,1001.97,166.67,,
2017.2.17,1146.3,1011.07,167.28,,
2017.2.20,1147.5,1013.42,167.5,,
2017.2.21,1146.1,1008.85,167.01,,
2017.2.22,1142.6,1006.16,166.36,,
2017.2.23,1137.3,1004.19,165.67,,
2017.2.24,1131.5,1003.15,164.91,,
2017.2.27,1133.7,1010.74,165.12,,
2017.2.28,1130.7,1005.56,164.83,,
2017.3.2,1141.6,1000.31,165.96,,
2017.3.3,1156.1,1012.75,167.69,,
2017.3.6,1158,1007.35,167.9,,
2017.3.7,1146.1,1005.97,166.22,,
2017.3.8,1145.5,1007.43,165.98,,
2017.3.9,1158.1,1011.49,167.39,,
2017.3.10,1157.4,1002.82,167.61,,
2017.3.13,1144.4,998.08,165.96,,
2017.3.14,1148.8,999.61,166.37,,
2017.3.15,1143.6,996.56,165.82,,
2017.3.16,1132,999.43,164.88,,
2017.3.17,1130.9,997.93,164.61,,
2017.3.20,1120.1,994.27,162.58,,
2017.3.21,1120.3,993.66,162.55,,
2017.3.22,1123.3,1006.77,163.5,,
2017.3.23,1122.4,1007.95,163.35,,
2017.3.24,1122.6,1007.13,163.16,,
2017.3.27,1112.8,1010.12,162.42,,
2017.3.28,1113,1005.47,162.09,,
2017.3.29,1114.2,1002.47,162.15,,
2017.3.30,1117.2,1005.08,162.46,,
2017.3.31,1118.4,1000.58,162.34,,
2017.4.3,1115.3,1000.22,162.24,,
2017.4.4,1121.9,1015.43,163.26,,
2017.4.5,1124.4,1016.94,163.44,,
2017.4.6,1133.2,1025.38,164.5,,
2017.4.7,1134.5,1025.54,164.57,,
2017.4.10,1142.2,1026.14,165.34,,
2017.4.11,1145.8,1035.56,165.92,,
2017.4.12,1141.4,1041.42,165.41,,
2017.4.13,1129.7,1035.71,164.22,,
2017.4.14,1140,1046.93,165.51,,
2017.4.17,1137.7,1049.3,165.38,,
2017.4.18,1142.4,1047.83,165.94,,
2017.4.19,1140.2,1048.99,165.65,,
2017.4.20,1139.8,1047.27,165.63,,
2017.4.21,1134.4,1037.26,164.85,,
2017.4.24,1129.9,1026.02,164.09,,
2017.4.25,1125.4,1021.28,163.52,,
2017.4.26,1125.1,1009.38,163.33,,
2017.4.27,1130.1,1015.46,163.75,,
2017.4.28,1137.9,1023.06,164.97,,
2017.5.2,1130.5,1008.79,163.95,,
2017.5.4,1132.7,1004.75,164.29,,
2017.5.8,1131.4,1003.59,163.87,,
2017.5.10,1135.8,997.58,164.3,,
2017.5.11,1127.9,988.35,163.27,,
2017.5.12,1127.4,991.51,163.38,,
2017.5.15,1123.6,990.13,162.87,,
2017.5.16,1116,984.73,162.04,,
2017.5.17,1118.3,995.64,162.48,,
2017.5.18,1124.5,1009.38,163.37,,
2017.5.19,1127.2,1013.26,163.6,,
2017.5.22,1118.6,1004.54,162.56,,
2017.5.23,1124.2,1012.11,163.36,,
2017.5.24,1126.8,1007.02,163.71,,
2017.5.25,1116.5,999.33,162.85,,
2017.5.26,1120.7,1005.52,163.77,,
2017.5.29,1121.7,1008.31,164.57,,
2017.5.30,1125.1,1014.84,164.66,,
2017.5.31,1119.5,1008.92,165.03,,
2017.6.1,1122,1010.63,166.36,,
2017.6.2,1121.8,1005.29,165.24,,
2017.6.5,1118.3,1011.08,164.85,,
2017.6.7,1124,1027.19,165.96,,
2017.6.8,1122.1,1024.61,165.7,,
2017.6.9,1123.2,1018.91,165.53,,
2017.6.12,1127.3,1022.54,166.04,,
2017.6.13,1128.3,1025.54,166.25,,
2017.6.14,1123.9,1021.59,165.52,,
2017.6.15,1124.1,1024.75,165.66,,
2017.6.16,1134.1,1021.11,166.43,,
2017.6.19,1132.7,1019.76,166.15,,
2017.6.20,1135.4,1017.84,166.27,,
2017.6.21,1144,1028.31,167.45,,
2017.6.22,1140.9,1026.77,167.01,,
2017.6.23,1138.8,1023.59,166.5,,
2017.6.26,1137.1,1021.01,165.93,,
2017.6.27,1136.9,1018.04,166.57,,
2017.6.28,1144,1020.11,168.16,,
2017.6.29,1141.1,1015.57,168.18,,
2017.6.30,1144.1,1020.97,168.95,,
2017.7.3,1146.9,1019.06,169.01,,
2017.7.4,1150.6,1017.82,169.23,,
2017.7.5,1150.5,1015.67,169.22,,
2017.7.6,1157.4,1022.62,170.12,,
2017.7.7,1154.3,1015.13,169.76,,
2017.7.10,1149.5,1006.44,169,,
2017.7.11,1151.1,1006.07,169.17,,
2017.7.12,1145.1,1009.21,168.62,,
2017.7.13,1136.3,1005.84,167.68,,
2017.7.14,1133.3,1000.44,167.22,,
2017.7.17,1128.3,1001.02,166.65,,
2017.7.18,1123.1,1001.92,166.38,,
2017.7.19,1120.6,1000.13,165.91,,
2017.7.20,1125.5,1003.66,166.46,,
2017.7.21,1118.2,1000.4,165.49,,
2017.7.24,1114,1002.47,164.9,,
2017.7.25,1115.3,1005.86,165.34,,
2017.7.26,1121.8,1002.41,166.07,,
2017.7.27,1112.8,1001.76,165.35,,
2017.7.28,1122.1,1010.63,166.27,,
2017.7.31,1119,1011.8,166.3,,
2017.8.1,1121.3,1017.19,166.73,,
2017.8.2,1124,1015.13,166.94,,
2017.8.3,1128.8,1020.2,167.68,,
2017.8.4,1125,1021.57,167.34,,
2017.8.7,1127.1,1018.39,167.56,,
2017.8.8,1125.1,1017.18,167.75,,
2017.8.9,1135.2,1031.48,169.47,,
2017.8.10,1142,1038.42,170.89,,
2017.8.11,1143.5,1047.21,171.04,,
2017.8.14,1139.7,1040.2,170.61,,
2017.8.16,1141.5,1030.79,170.29,,
2017.8.17,1137.2,1034.99,170.26,,
2017.8.18,1141.3,1044.09,170.63,,
2017.8.21,1139,1043.76,170.5,,
2017.8.22,1133.8,1037.76,170.23,,
2017.8.23,1131.8,1034.79,169.8,,
2017.8.24,1127.9,1033.49,169.38,,
2017.8.25,1128.2,1029.33,169.47,,
2017.8.28,1120.1,1026.72,168.91,,
2017.8.29,1126.4,1034.39,170.3,,
2017.8.30,1124.2,1021.67,170.55,,
2017.8.31,1127.8,1019.94,170.67,,
2017.9.1,1122.8,1019.52,170.53,,
2017.9.4,1133,1035.32,173.13,,
2017.9.5,1131.1,1034.05,172.9,,
2017.9.6,1135.4,1043.95,173.54,,
2017.9.7,1129.4,1035.39,172.94,,
2017.9.8,1127.5,1045.77,174.5,,
2017.9.11,1131.9,1043.95,173.44,,
2017.9.12,1128.5,1032.05,172.73,,
2017.9.13,1128.5,1025.07,172.93,,
2017.9.14,1132.6,1025.49,172.85,,
2017.9.15,1131.7,1023.38,172.9,,
2017.9.18,1126.6,1012.81,171.93,,
2017.9.19,1131.3,1012.8,171.74,,
2017.9.20,1128.3,1012.97,171.87,,
2017.9.21,1132.7,1007.25,171.9,,
2017.9.22,1136.5,1015,172.67,,
2017.9.25,1131.8,1008.42,171.48,,
2017.9.26,1136.8,1019.23,171.94,,
2017.9.27,1140.7,1013.73,172,,
2017.9.28,1149.1,1017.04,172.16,,
2017.9.29,1145.4,1016.46,171.97,,
2017.10.10,1135.1,1007.77,172.58,,
2017.10.11,1135.2,1010.28,172.75,,
2017.10.12,1133.2,1009.49,172.27,,
2017.10.13,1128.9,1007.59,171.75,,
2017.10.16,1127.8,1008.63,171.53,,
2017.10.17,1132.5,1009.4,171.38,,
2017.10.18,1129.9,1005.97,170.83,,
2017.10.19,1132.4,1001.19,170.77,,
2017.10.20,1131,999.25,170.87,,
2017.10.23,1130.2,993.89,170.41,,
2017.10.24,1127.4,992.91,170.05,,
2017.10.25,1127.9,990.65,169.85,,
2017.10.26,1124.6,990.18,169.54,,
2017.10.27,1130.5,990.06,169.82,,
2017.10.30,1124.6,989.57,169.16,,
2017.10.31,1120.4,991.2,169,,
2017.11.1,1114.5,979.18,168.27,,
2017.11.2,1114.4,978.45,168.78,,
2017.11.3,1113.8,977.19,168.23,,
2017.11.6,1115,975.46,168,,
2017.11.7,1111.9,975.44,167.83,,
2017.11.8,1115.6,979.54,167.84,,
2017.11.9,1115.6,981.96,168.24,,
2017.11.10,1117.1,984.97,168.15,,
2017.11.13,1120.6,982.92,168.44,,
2017.11.14,1118.1,983.94,168.18,,
2017.11.15,1112.3,983.42,167.64,,
2017.11.16,1101.4,975.34,166.19,,
2017.11.17,1097.5,974.82,165.46,,
2017.11.20,1100.6,982.63,165.69,,
2017.11.21,1095.8,974.09,165.03,,
2017.11.22,1089.1,971.2,164.85,,
2017.11.23,1085.4,975.64,164.74,,
2017.11.24,1085.4,973.37,164.68,,
2017.11.27,1088.6,977.51,165.08,,
2017.11.28,1084.4,975.31,164.17,,
2017.11.29,1076.8,966.17,163.03,,
2017.11.30,1088.2,970.18,164.46,,
2017.12.1,1086.4,964.87,164.22,,
2017.12.4,1088.7,964.6,164.65,,
2017.12.5,1085.8,964,164.17,,
2017.12.6,1093.7,975.3,165.2,,
2017.12.7,1093.5,971.78,165.2,,
2017.12.8,1093.3,964.07,164.82,,
2017.12.11,1092.3,962.29,165.01,,
2017.12.12,1092.4,962.85,164.88,,
2017.12.13,1090.7,962.37,164.74,,
2017.12.14,1089.1,966.37,164.78,,
2017.12.15,1089.8,971.26,164.89,,
2017.12.18,1088.5,966.44,164.69,,
2017.12.19,1084.9,963.63,164.01,,
2017.12.20,1080.9,956.85,164.03,,
2017.12.21,1082.7,954.72,164.82,,
2017.12.22,1079.7,952.41,164.5,,
2017.12.26,1076.1,949.74,164.32,,
2017.12.27,1074.1,948.89,163.99,,
2017.12.28,1070.5,949.24,163.15,,
2018.1.2,1061.2,941.82,163.36,,
2018.1.3,1064.5,948.12,163.75,,
2018.1.4,1062.2,943.72,163.41,,
2018.1.5,1062.7,939.9,163.96,,
2018.1.8,1066,941.61,164.33,,
2018.1.9,1067.1,947.23,164.1,,
2018.1.10,1071.9,953.86,164.14,,
2018.1.11,1072,959.37,164.49,,
2018.1.12,1064.8,956.87,164.2,,
2018.1.15,1062.7,958.99,165.27,,
2018.1.16,1062.7,958.51,165.21,,
2018.1.17,1069.3,964.9,166.05,,
2018.1.18,1070.7,962.73,166.22,,
2018.1.19,1065.9,961.53,166.78,,
2018.1.22,1070.1,965.05,166.89,,
2018.1.23,1070.2,966.06,167.32,,
2018.1.24,1070.2,973.4,167.38,,
2018.1.25,1058.6,973.38,167.5,,
2018.1.26,1063.9,974.04,168.13,,
2018.1.29,1065.6,978.96,168.35,,
2018.1.30,1073.6,987.67,169.27,,
2018.1.31,1067.9,982.79,169.26,,
2018.2.1,1071.9,979.26,170.15,,
2018.2.2,1079.7,983.96,171.66,,
2018.2.5,1088.5,989.59,172.63,,
2018.2.6,1091.5,1002.62,173.24,,
2018.2.7,1086.6,995.19,173.36,,
2018.2.8,1087.9,992.47,171.47,,
2018.2.9,1092.1,1002.25,172.11,,
2018.2.12,1084.6,997.79,171.75,,
2018.2.13,1084.5,1003.42,171.23,,
2018.2.14,1077.2,1004.71,170.06,,
2018.2.19,1067.6,1001.78,169.19,,
2018.2.20,1073.5,1004.35,169.88,,
2018.2.21,1076.2,998.75,169.68,,
2018.2.22,1084.3,1009.26,170.88,,
2018.2.23,1079,1008.46,170.22,,
2018.2.26,1073.4,1007.65,170.08,,
2018.2.27,1071.3,1003.04,170.07,,
2018.2.28,1082.8,1011.06,171.06,,
2018.3.2,1080.3,1021.46,170.09,,
2018.3.5,1082,1025.06,170.79,,
2018.3.6,1076.1,1013.37,169.8,,
2018.3.7,1069.1,1012.17,169.2,,
2018.3.8,1070.2,1009.58,169.12,,
2018.3.9,1069.8,1002.48,168.61,,
2018.3.12,1065.2,998.17,168.32,,
2018.3.13,1067.5,999.58,168.75,,
2018.3.14,1064.6,999.3,168.59,,
2018.3.15,1065.4,1004.86,168.86,,
2018.3.16,1066.2,1006.66,168.74,,
2018.3.19,1071.6,1013.29,169.22,,
2018.3.20,1068.6,1005.6,168.98,,
2018.3.21,1072.3,1007.75,169.44,,
2018.3.22,1072.7,1013.13,169.75,,
2018.3.23,1082.2,1033.42,171.1,,
2018.3.26,1081.1,1029.23,171.45,,
2018.3.27,1070.3,1013.45,171.3,,
2018.3.28,1070.8,1013.2,170.5,,
2018.3.29,1065.9,1000.19,169.61,,
2018.4.2,1056.6,993.56,168.53,,
2018.4.3,1054.2,994.15,168.17,,
2018.4.4,1059.8,994.23,168.4,,
2018.4.5,1059.7,990.7,168.57,,
2018.4.6,1069.6,996.55,169.36,,
2018.4.9,1067.1,996.73,169.51,,
2018.4.10,1066.4,994.59,169.45,,
2018.4.11,1066.3,996.03,169.98,,
2018.4.12,1069.5,1000.8,170.45,,
2018.4.13,1069.5,994.1,170.29,,
2018.4.16,1074,1001.63,171.06,,
2018.4.17,1067,997.52,170.18,,
2018.4.18,1068.7,995.58,170.05,,
2018.4.19,1061.5,988.22,169.47,,
2018.4.20,1067.3,992.28,169.95,,
2018.4.23,1069,991.15,169.9,,
2018.4.24,1076.8,989.84,170.65,,
2018.4.25,1080.6,990.06,171.28,,
2018.4.26,1080.9,988.25,170.95,,
2018.4.27,1076.6,984.68,169.85,,
2018.4.30,1068,978.51,169.15,,
2018.5.2,1076.1,979.83,169.3,,
2018.5.3,1076.3,982.16,169.32,,
2018.5.4,1077.2,986.94,169.56,,
2018.5.8,1076.5,988.2,169.32,,
2018.5.9,1080.9,986.18,169.5,,
2018.5.10,1073.1,977.23,168.59,,
2018.5.11,1069.3,978,168.75,,
2018.5.14,1068,976.55,168.67,,
2018.5.15,1073.8,976.67,169.25,,
2018.5.16,1077.6,977.02,169.42,,
2018.5.17,1081.2,978.46,170.14,,
2018.5.18,1077.6,972.17,169.57,,
2018.5.21,1085.4,974.72,170.27,,
2018.5.23,1080.7,978.63,169.55,,
2018.5.24,1079.6,985.98,169.06,,
2018.5.25,1078,985.24,168.84,,
2018.5.28,1074.2,980.69,168.2,,
2018.5.29,1076.8,989.02,167.85,,
2018.5.30,1080.9,993.52,168.17,,
2018.5.31,1077.7,991.13,168.44,,
2018.6.1,1075,985.06,167.64,,
2018.6.4,1071.9,977.25,167.17,,
2018.6.5,1070.7,974.74,167.25,,
2018.6.7,1069,971.6,167.39,,
2018.6.8,1075.9,981.35,168.06,,
2018.6.11,1075.2,977.59,168,,
2018.6.12,1077.2,975.9,168.33,,
2018.6.14,1083.1,984.41,169.54,,
2018.6.15,1097.7,990.57,171.05,,
2018.6.18,1104.8,999.68,171.2,,
2018.6.19,1109.1,1011.35,171.64,,
2018.6.20,1105.1,1003.36,170.72,,
2018.6.21,1112.8,1005.65,170.71,,
2018.6.22,1107.4,1006.96,170.31,,
2018.6.25,1117.2,1019.81,170.58,,
2018.6.26,1114.8,1016.74,169.94,,
2018.6.27,1117.6,1016.55,169.31,,
2018.6.28,1124.2,1019.08,169.9,,
2018.6.29,1114.5,1006.91,168.19,,
2018.7.2,1120,1011.52,168.02,,
2018.7.3,1118.7,1007.97,166.7,,
2018.7.4,1114.5,1009.92,168.25,,
2018.7.5,1118.6,1011.53,168.22,,
2018.7.6,1115.9,1007.99,167.5,,
2018.7.9,1112.2,1006.93,167.8,,
2018.7.10,1116,1004.55,168.57,,
2018.7.11,1120,1008.6,167.83,,
2018.7.12,1125.9,1003.25,167.88,,
2018.7.13,1123.5,998.13,168.18,,
2018.7.16,1129.2,1004.4,168.36,,
2018.7.17,1124.1,1000.13,167.92,,
2018.7.18,1132.3,1001.55,168.02,,
2018.7.19,1133.2,1004.21,167.11,,
2018.7.20,1133.7,1008.72,166.86,,
2018.7.23,1131.4,1019.83,166.84,,
2018.7.24,1135.2,1019.08,166.06,,
2018.7.25,1126.3,1013.04,165.63,,
2018.7.26,1119.3,1011.8,164.93,,
2018.7.27,1118.1,1006.3,163.84,,
2018.7.30,1120.2,1008.6,163.71,,
2018.7.31,1118.7,1004.72,163.66,,
2018.8.1,1120.6,1000.04,164.02,,
2018.8.2,1126.1,1008.91,164.83,,
2018.8.3,1127.6,1009.44,163.65,,
2018.8.6,1124,1010.2,164.09,,
2018.8.7,1123.8,1010.07,163.91,,
2018.8.8,1119.9,1007.29,163.78,,
2018.8.9,1117.2,1006.4,163.73,,
2018.8.10,1128.9,1017.58,164.52,,
2018.8.13,1133.9,1027.83,164.87,,
2018.8.14,1127.9,1016.72,163.93,,
2018.8.16,1130.1,1019.49,164.02,,
2018.8.17,1124.9,1015.21,163.74,,
2018.8.20,1123.1,1015.64,164.01,,
2018.8.21,1118.4,1016.31,163.66,,
2018.8.22,1118.9,1013.36,163.6,,
2018.8.23,1121.4,1011.77,163.3,,
2018.8.24,1118.9,1004.76,162.7,,
2018.8.27,1113.8,1003.2,163.63,,
2018.8.28,1110,998.07,162.96,,
2018.8.29,1110.2,998.61,162.82,,
2018.8.30,1108.6,992.92,162.19,,
2018.8.31,1112.9,1002.88,162.67,,
2018.9.3,1110.3,1000.72,162.32,,
2018.9.4,1114.9,1001.03,163.03,,
2018.9.5,1121.5,1005.78,163.42,,
2018.9.6,1124,1009.02,164.08,,
2018.9.7,1122.8,1014.78,164.08,,
2018.9.10,1128.4,1017.08,164.31,,
2018.9.11,1125.3,1009.69,163.72,,
2018.9.12,1128.6,1011.7,164.05,,
2018.9.13,1122.4,1007.31,163.96,,
2018.9.14,1116.6,997.54,163.05,,
2018.9.17,1126.6,1006.03,164,,
2018.9.18,1123.2,1000.67,163.71,,
2018.9.19,1121.1,997.64,163.58,,
2018.9.20,1120.4,998.89,163.54,,
2018.9.21,1115.3,988.52,163.32,,
2018.9.27,1112.5,987.27,161.77,,
2018.9.28,1109.3,977.53,161.05,,
2018.10.1,1111.8,975.65,161.38,,
2018.10.2,1119.2,983.87,162.5,,
2018.10.4,1129.9,988.06,163.77,,
2018.10.5,1130.4,992.14,163.73,,
2018.10.8,1132.7,995.21,164.05,,
2018.10.10,1134,1003.41,163.83,,
2018.10.11,1144.4,1019.65,164.98,,
2018.10.12,1131.4,1006.45,163.91,,
2018.10.15,1134.3,1013.87,163.92,,
2018.10.16,1128,1006.65,162.94,,
2018.10.17,1126.5,1003.7,162.93,,
2018.10.18,1135.2,1009.38,163.66,,
2018.10.19,1132.1,1006.36,163.2,,
2018.10.22,1128.4,1001.2,162.82,,
2018.10.23,1137.6,1011.96,163.72,,
2018.10.24,1132.3,1006.13,163.02,,
2018.10.25,1138,1015.3,163.74,,
2018.10.26,1141.9,1017.87,163.86,,
2018.10.29,1141.4,1020.34,163.83,,
2018.10.30,1139.2,1010.69,163.38,,
2018.10.31,1139.6,1006.4,163.42,,
2018.11.1,1138.1,1008.69,163.33,,
2018.11.2,1121.6,992.35,162.7,,
2018.11.5,1123.5,991.4,162.48,,
2018.11.6,1123.8,990.96,162.54,,
2018.11.7,1123.3,992.36,162.03,,
2018.11.8,1117.3,983.41,161.19,,
2018.11.9,1128.3,990.3,162.46,,
2018.11.12,1133.9,994,163.03,,
2018.11.13,1133.3,994.43,163.02,,
2018.11.14,1134.3,996,163.25,,
2018.11.15,1129.2,994.58,163.01,,
2018.11.16,1128.5,996.25,162.9,,
2018.11.19,1128.6,1000.75,162.77,,
2018.11.20,1125.8,1000.76,162.38,,
2018.11.21,1131.6,1002.97,163.01,,
2018.11.22,1129.2,998.89,163.13,,
2018.11.23,1130.5,1001.68,163.09,,
2018.11.26,1128.9,997.04,162.66,,
2018.11.27,1129.4,995.29,162.56,,
2018.11.28,1126.5,989.24,162.14,,
2018.11.29,1119.2,987.78,161.45,,
2018.11.30,1121.2,988.76,161.45,,
2018.12.3,1110.7,978.46,161.05,,
2018.12.4,1105.3,977.49,161.87,,
2018.12.5,1114.1,985.45,162.27,,
2018.12.6,1120.3,993.22,162.72,,
2018.12.7,1119.8,992.25,162.75,,
2018.12.10,1126.5,1001.91,163.22,,
2018.12.11,1130.1,998.81,163.75,,
2018.12.12,1128.5,994.58,163.89,,
2018.12.13,1123.4,990.09,163.63,,
2018.12.14,1130.8,995.9,164.14,,
2018.12.17,1131.3,997.05,164.08,,
2018.12.18,1129.6,1003.02,163.92,,
2018.12.19,1123.5,999.6,163.09,,
2018.12.20,1127.8,1007.64,163.23,,
2018.12.21,1122.4,1007.54,162.63,,
2018.12.24,1125.2,1013.01,162.94,,
2018.12.26,1125.4,1018.69,163.25,,
2018.12.27,1120,1008.06,162.5,,
2018.12.28,1115.7,1008.82,162.43,,
2019.1.2,1119,1025.15,163.09,,
2019.1.3,1127.7,1055.06,163.81,,
2019.1.4,1124.5,1039.95,163.51,,
2019.1.7,1118.6,1033.78,163.33,,
2019.1.8,1124.1,1032.75,163.6,,
2019.1.9,1122.1,1030.82,164.08,,
2019.1.10,1118.3,1035.99,164.69,,
2019.1.11,1116.4,1030.22,165.25,,
2019.1.14,1123,1039,165.89,,
2019.1.15,1120.7,1031.15,165.81,,
2019.1.16,1120.1,1032.87,165.45,,
2019.1.17,1122.5,1030.71,165.8,,
2019.1.18,1121.9,1026.07,165.37,,
2019.1.21,1128.1,1029.62,165.9,,
2019.1.22,1130.5,1033.22,165.93,,
2019.1.23,1127.3,1027.86,166.03,,
2019.1.24,1128.6,1028.95,166.12,,
2019.1.25,1121.3,1020.99,165.38,,
2019.1.28,1117.7,1022.36,165.69,,
2019.1.29,1116.5,1021.64,165.27,,
2019.1.30,1116.3,1021.55,165.85,,
2019.1.31,1112.7,1022.84,165.68,,
2019.2.1,1118.8,1027.6,165.84,,
2019.2.7,1124.1,1022.51,165.91,,
2019.2.8,1123.9,1024.57,165.55,,
2019.2.11,1124.7,1022.87,165.81,,
2019.2.12,1123.9,1016.6,165.52,,
2019.2.13,1121.7,1014.06,165.94,,
2019.2.14,1125.1,1013.06,166.19,,
2019.2.15,1128.7,1022.51,166.33,,
2019.2.18,1125.8,1018.32,166.24,,
2019.2.19,1128.2,1019.66,166.3,,
2019.2.20,1123.5,1013.58,167.02,,
2019.2.21,1125.2,1015.94,167.85,,
2019.2.22,1125.2,1015.75,167.3,,
2019.2.25,1121,1013.42,167.7,,
2019.2.26,1118.6,1009.52,166.96,,
2019.2.27,1119.1,1012.53,167.25,,
2019.2.28,1124.7,1015.35,168.1,,
2019.3.4,1124.9,1004.6,168.03,,
2019.3.5,1125.5,1005.4,167.92,,
2019.3.6,1128.8,1009.61,167.95,,
2019.3.7,1129,1010.25,168.11,,
2019.3.8,1136.2,1023.19,168.9,,
2019.3.11,1133.7,1019.84,168.5,,
2019.3.12,1129.8,1015.32,167.93,,
2019.3.13,1132.6,1017.56,168.52,,
2019.3.14,1134.8,1017.26,168.89,,
2019.3.15,1137.3,1018.49,169.17,,
2019.3.18,1132.1,1014.74,168.6,,
2019.3.19,1130.6,1016.22,168.23,,
2019.3.20,1130.4,1013.31,168.36,,
2019.3.21,1127.7,1020.4,168.77,,
2019.3.22,1130.1,1019.9,168.5,,
2019.3.25,1134.2,1031.79,168.85,,
2019.3.26,1133.4,1029.57,168.87,,
2019.3.27,1134.5,1025.91,168.74,,
2019.3.28,1136.8,1032.75,168.89,,
2019.3.29,1135.1,1025.43,168.67,,
2019.4.1,1133.7,1020.48,168.86,,
2019.4.2,1136.4,1020.61,169.05,,
2019.4.3,1134.3,1017.36,169.02,,
2019.4.4,1136.3,1019.79,169.11,,
2019.4.5,1136.6,1017.55,169.35,,
2019.4.8,1144.7,1027.28,170.28,,
2019.4.9,1142.1,1025.73,170,,
2019.4.10,1138.6,1024.43,169.5,,
2019.4.11,1139.4,1025.42,169.53,,
2019.4.12,1139.4,1018.82,169.39,,
2019.4.15,1133.1,1012.01,168.96,,
2019.4.16,1135.7,1014.61,169.28,,
2019.4.17,1134.8,1013.49,169.58,,
2019.4.18,1136.9,1016,169.98,,
2019.4.22,1141.5,1019.88,170.05,,
2019.4.23,1141.8,1020.42,170.01,,
2019.4.24,1150.9,1029.75,171.08,,
2019.4.25,1160.5,1037.04,172.23,,
2019.4.26,1161,1039.48,172.14,,
2019.4.29,1158.5,1037.76,171.98,,
2019.4.30,1168.2,1048.94,173.13,,
2019.5.2,1165.7,1045.05,172.85,,
2019.5.3,1170,1049.47,173.5,,
2019.5.7,1166.5,1053.13,172,,
2019.5.8,1169.4,1063.04,172.26,,
2019.5.9,1179.8,1073.77,172.77,,
2019.5.10,1177,1072.19,172.38,,
2019.5.13,1187.5,1082.15,172.25,,
2019.5.14,1189.4,1085.57,172.25,,
2019.5.15,1188.6,1083.5,172.3,,
2019.5.16,1191.5,1088.58,172.26,,
2019.5.17,1195.7,1091.32,172.2,,
2019.5.20,1194.2,1084.5,172,,
2019.5.21,1194,1083.93,172.25,,
2019.5.22,1192.8,1079.7,172.05,,
2019.5.23,1189.2,1077.91,171.47,,
2019.5.24,1188.4,1085.05,171.66,,
2019.5.27,1184.5,1081.39,171.4,,
2019.5.28,1185.8,1083.22,171.6,,
2019.5.29,1193.9,1093.37,172.3,,
2019.5.30,1188.8,1083.73,171.69,,
2019.5.31,1190.9,1093.12,171.78,,
2019.6.3,1182.1,1091.86,170.64,,
2019.6.4,1182.8,1096,170.83,,
2019.6.5,1178.6,1091.45,170.14,,
2019.6.7,1181.4,1089.4,170.22,,
2019.6.10,1185.2,1091.09,170.56,,
2019.6.11,1180.4,1086.47,170.37,,
2019.6.12,1182.6,1091.51,170.67,,
2019.6.13,1183.1,1092.48,170.66,,
2019.6.14,1185.3,1094.31,170.92,,
2019.6.17,1186.5,1092.69,171.22,,
2019.6.18,1185.8,1095.17,170.93,,
2019.6.19,1176.1,1086.02,170.28,,
2019.6.20,1162.1,1080.57,169.28,,
2019.6.21,1164,1084.86,169.3,,
2019.6.24,1156.5,1076.36,168.26,,
2019.6.25,1156.2,1080.86,168.01,,
2019.6.26,1156.6,1077.26,168.04,,
2019.6.27,1158.1,1071.47,168.31,,
2019.6.28,1154.7,1072.39,168.24,,
2019.7.1,1158.8,1068.66,169.23,,
2019.7.2,1166,1075.7,169.85,,
2019.7.3,1171.3,1088.42,169.87,,
2019.7.4,1168.6,1084.09,170,,
2019.7.5,1170.4,1084.46,170.1,,
2019.7.8,1182,1090.86,171.3,,
2019.7.9,1180.5,1085.17,171.35,,
2019.7.10,1181.6,1085.08,171.55,,
2019.7.11,1173.5,1086.32,170.85,,
2019.7.12,1179.2,1088.38,171.5,,
2019.7.15,1179.3,1091.49,171.59,,
2019.7.16,1177.6,1089.56,171.33,,
2019.7.17,1181.3,1092.03,171.6,,
2019.7.18,1178.8,1094.67,171.35,,
2019.7.19,1174.5,1091.09,170.72,,
2019.7.22,1178.3,1090.92,171.3,,
2019.7.23,1178.9,1090.16,171.28,,
2019.7.24,1177.9,1089.26,171.15,,
2019.7.25,1181.5,1092.92,171.84,,
2019.7.26,1184.8,1090.52,172.24,,
2019.7.29,1183.5,1089.23,171.7,,
2019.7.30,1181.6,1088.28,171.48,,
2019.7.31,1183.1,1090.06,171.55,,
2019.8.1,1188.5,1087.92,172,,
2019.8.2,1198,1118.95,172.14,,
2019.8.5,1215.3,1147.43,171.66,,
2019.8.6,1215.3,1141.39,171.88,,
2019.8.7,1214.9,1143.7,171.55,,
2019.8.8,1209.2,1139.09,170.99,,
2019.8.9,1210.5,1142.79,171.08,,
2019.8.12,1216.2,1153.94,171.44,,
2019.8.13,1222.2,1160.96,172.02,,
2019.8.14,1212.7,1139.59,172.52,,
2019.8.16,1210.8,1140.6,171.79,,
2019.8.19,1211,1138.32,171.61,,
2019.8.20,1208.3,1134.61,170.85,,
2019.8.21,1202.5,1129.37,170.25,,
2019.8.22,1207.4,1135.68,170.43,,
2019.8.23,1210.6,1135.43,170.61,,
2019.8.26,1217.8,1156.56,169.89,,
2019.8.27,1211.2,1146.26,169.02,,
2019.8.28,1213.9,1147.41,169.42,,
2019.8.29,1216.4,1148.58,169.57,,
2019.8.30,1211.2,1138.83,169.25,,
2019.9.2,1210.8,1140.27,168.96,,
2019.9.3,1215.6,1143.61,169.25,,
2019.9.4,1208.2,1137.29,168.6,,
2019.9.5,1200.2,1127.11,168.05,,
2019.9.6,1196.9,1118.55,167.53,,
2019.9.9,1193,1115.74,167.23,,
2019.9.10,1193.3,1111.65,167.73,,
2019.9.11,1191,1104.67,167.56,,
2019.9.16,1183.1,1097.14,167.52,,
2019.9.17,1190.7,1100.56,168.01,,
2019.9.18,1191.3,1100.71,168.2,,
2019.9.19,1193.6,1105.24,168.09,,
2019.9.20,1188,1101.27,167.89,,
2019.9.23,1194,1108.48,167.92,,
2019.9.24,1195.7,1111.87,168.18,,
2019.9.25,1198.8,1116.77,168.38,,
2019.9.26,1198.8,1113.76,168.18,,
2019.9.27,1199.9,1113.54,168.29,,
2019.9.30,1196.2,1109.39,167.78,,
2019.10.1,1199,1107.37,167.84,,
2019.10.2,1206,1118.69,168.58,,
2019.10.4,1196.8,1120.55,167.9,,
2019.10.7,1196.6,1119.57,167.93,,
2019.10.8,1193.1,1110.95,167.52,,
2019.10.10,1196.2,1112.38,168.14,,
2019.10.11,1188.8,1101,167.26,,
2019.10.14,1184.9,1094.75,167.8,,
2019.10.15,1185.2,1094.01,167.4,,
2019.10.16,1187.8,1092.38,167.3,,
2019.10.17,1187,1091.39,167.13,,
2019.10.18,1181.5,1088.19,166.78,,
2019.10.21,1172,1079.94,165.85,,
2019.10.22,1169.7,1077.02,165.5,,
2019.10.23,1172.4,1081.85,165.55,,
2019.10.24,1172.9,1080.07,166.01,,
2019.10.25,1173,1079.46,166.1,,
2019.10.28,1170.7,1076.51,165.81,,
2019.10.29,1163,1067.12,164.88,,
2019.10.30,1168.1,1073.28,165.42,,
2019.10.31,1163.4,1070.43,165.37,,
2019.11.1,1165.6,1079.51,165.44,,
2019.11.4,1159.2,1070.71,165.05,,
2019.11.5,1157.5,1063.93,165.05,,
2019.11.6,1156.9,1061.08,165.29,,
2019.11.7,1159.3,1066.17,165.24,,
2019.11.8,1157.5,1059.3,165.75,,
2019.11.11,1166.8,1071.1,166.37,,
2019.11.12,1160.8,1062.18,166.04,,
2019.11.13,1167.8,1070.74,166.41,,
2019.11.14,1169.7,1076.03,166.71,,
2019.11.15,1166.6,1074.37,166.5,,
2019.11.18,1164.5,1069.87,166.03,,
2019.11.19,1167.6,1074.89,166.32,,
2019.11.20,1170.1,1078.18,166.35,,
2019.11.21,1178.1,1085.16,167.31,,
2019.11.22,1178.9,1085.29,167.51,,
2019.11.25,1176,1080.04,167.18,,
2019.11.26,1176.7,1079.89,167.34,,
2019.11.27,1177.2,1078.32,167.58,,
2019.11.28,1179,1077.01,167.87,,
2019.11.29,1181.2,1078.77,168,,
2019.12.2,1183.1,1079.13,168.23,,
2019.12.3,1187.2,1087.63,168.56,,
2019.12.4,1194.3,1099.98,168.84,,
2019.12.5,1190.2,1093.68,168.67,,
2019.12.6,1189.6,1094.44,168.98,,
2019.12.9,1189.9,1095.92,169.13,,
2019.12.10,1191.3,1096.86,169.35,,
2019.12.11,1194.7,1098.73,169.78,,
2019.12.12,1186.8,1092.87,168.83,,
2019.12.13,1171.7,1069.22,168.12,,
2019.12.16,1172.3,1071.67,167.53,,
2019.12.17,1166.2,1064.49,166.65,,
2019.12.18,1168.8,1067.84,166.8,,
2019.12.19,1165.6,1063.65,166.46,,
2019.12.20,1160.6,1061.7,165.65,,
2019.12.23,1164.3,1064.07,166.06,,
2019.12.24,1163.9,1063.85,165.98,,
2019.12.26,1161.8,1060.47,166.13,,
2019.12.27,1161.5,1060.68,166.01,,
2019.12.30,1156.4,1059.61,165.6,,
2020.1.2,1158.1,1065.07,166.33,,
2020.1.3,1167.1,1079.6,167.51,,
2020.1.6,1172.1,1085.33,168.03,,
2020.1.7,1166.4,1076.16,167.78,,
2020.1.8,1170.8,1080.62,168.65,,
2020.1.9,1159.1,1060.72,167.41,,
2020.1.10,1161.3,1059.82,167.64,,
2020.1.13,1156,1054.5,167.53,,
2020.1.14,1156.1,1050.09,168.12,,
2020.1.15,1157,1052.54,167.82,,
2020.1.16,1161.1,1056.07,168.45,,
2020.1.17,1159.4,1051.66,168.6,,
2020.1.20,1158.1,1051.15,169.05,,
2020.1.21,1167,1061.44,169.15,,
2020.1.22,1164.6,1058.39,168.7,,
2020.1.23,1168.7,1066.87,168.62,,
2020.1.28,1176.7,1079.19,168.75,,
2020.1.29,1177.2,1078.86,168.98,,
2020.1.30,1185,1088,169.64,,
2020.1.31,1191.8,1092.94,170.58,,
2020.2.3,1195,1101.23,170.31,,
2020.2.4,1187.4,1091.01,169.72,,
2020.2.5,1191.5,1088.82,170.06,,
2020.2.6,1179.8,1072.94,169.37,,
2020.2.7,1186.5,1078.88,170.04,,
2020.2.10,1187.1,1080.9,169.96,,
2020.2.11,1181.6,1074.91,169.48,,
2020.2.12,1179.5,1073.59,169.25,,
2020.2.13,1182.8,1076.99,169.34,,
2020.2.14,1183,1077.76,169.31,,
2020.2.17,1183.9,1077.79,169.5,,
2020.2.18,1189.5,1083.38,169.95,,
2020.2.19,1189.3,1080.74,169.76,,
2020.2.20,1198.7,1075.6,170.6,,
2020.2.21,1209.2,1080.17,171.59,,
2020.2.24,1220.2,1093.61,173.23,,
2020.2.25,1210.3,1091.79,172.61,,
2020.2.26,1216.9,1102.31,172.97,,
2020.2.27,1217.2,1106.09,173.09,,
2020.2.28,1213.7,1114.87,173.3,,
2020.3.2,1193.7,1102.78,171.28,,
2020.3.3,1195.2,1108.36,171.23,,
2020.3.4,1187.8,1105.08,171.02,,
2020.3.5,1181.2,1100.48,170.32,,
2020.3.6,1192.3,1126.03,171.47,,
2020.3.9,1204.2,1172.48,173.46,,
2020.3.10,1193.2,1141.82,171.93,,
2020.3.11,1193,1141.03,171.82,,
2020.3.12,1206.5,1163.23,172.63,,
2020.3.13,1219.3,1154.69,174.62,,
2020.3.16,1226,1153.29,174.77,,
2020.3.17,1243.5,1168.15,177.55,,
2020.3.18,1245.7,1165.68,176.98,,
2020.3.19,1285.7,1183.23,181.34,,
2020.3.20,1246.5,1134.99,175.39,,
2020.3.23,1266.5,1154.56,178.24,,
2020.3.24,1249.6,1131.63,176.05,,
2020.3.25,1229.9,1105.88,173.49,,
2020.3.26,1232.8,1113.19,172.83,,
2020.3.27,1210.6,1115.81,171.12,,
2020.3.30,1224.4,1136.39,172.29,,
2020.3.31,1217.4,1123.68,171.48,,
2020.4.1,1230.5,1144.81,173.08,,
2020.4.2,1228.3,1145.43,172.93,,
2020.4.3,1230.9,1140.04,173.38,,
2020.4.6,1229.3,1127.38,173.1,,
2020.4.7,1221.2,1121.76,172.4,,
2020.4.8,1220.9,1121.27,172.5,,
2020.4.9,1219.5,1119.32,172.36,,
2020.4.10,1208.8,1115.03,171.4,,
2020.4.13,1217.9,1129.41,172.62,,
2020.4.14,1217.3,1130.22,172.47,,
2020.4.16,1228.7,1139.95,173.41,,
2020.4.17,1217.9,1130.67,171.96,,
2020.4.20,1220.5,1131.4,172.23,,
2020.4.21,1229.7,1144.12,173.26,,
2020.4.22,1232.2,1145.65,173.88,,
2020.4.23,1229.7,1140.56,173.39,,
2020.4.24,1235.5,1148.07,174.07,,
2020.4.27,1226.2,1144.43,173.21,,
2020.4.28,1225.2,1142.54,172.64,,
2020.4.29,1218.2,1143.15,172.1,,
2020.5.4,1229.1,1151.33,172.16,,
2020.5.6,1222.1,1148.86,172.14,,
2020.5.7,1225,1152.56,172.2,,
2020.5.8,1219.9,1147.06,172.12,,
2020.5.11,1220.5,1141.03,172.07,,
2020.5.12,1224.8,1139.83,172.41,,
2020.5.13,1223.8,1142.19,172.36,,
2020.5.14,1228,1149.22,172.7,,
2020.5.15,1231,1148.16,173.03,,
2020.5.18,1232.4,1149.57,172.75,,
2020.5.19,1225.3,1140.72,172.11,,
2020.5.20,1230.3,1141.7,172.87,,
2020.5.21,1230.9,1142.63,173.04,,
2020.5.22,1237,1151.5,173.18,,
2020.5.25,1244.2,1155.3,173.84,,
2020.5.26,1234.3,1144.09,172.87,,
2020.5.27,1234.4,1147.75,172.07,,
2020.5.28,1239.6,1149.32,172.91,,
2020.5.29,1238.5,1155.37,172.55,,
2020.6.1,1225,1139.48,171.82,,
2020.6.2,1225.4,1137.31,171.89,,
2020.6.3,1216.8,1120.08,170.98,,
2020.6.4,1218.7,1117.2,170.95,,
2020.6.5,1207.1,1103.94,170.43,,
2020.6.8,1204.8,1100.22,170.24,,
2020.6.9,1197.7,1108.62,169.33,,
2020.6.10,1191.2,1108.97,168.6,,
2020.6.11,1196.4,1117.03,169.35,,
2020.6.12,1203.8,1123.21,170.2,,
2020.6.15,1216,1134.17,171.43,,
2020.6.16,1207,1122.4,170.78,,
2020.6.17,1213.9,1131.31,171.52,,
2020.6.18,1208,1129.87,170.9,,
2020.6.19,1209.6,1131.26,170.9,,
2020.6.22,1215.8,1137.27,171.85,,
2020.6.23,1208.8,1127.87,170.92,,
2020.6.24,1199.4,1125.19,169.84,,
2020.6.25,1204.7,1124.31,169.99,,
2020.6.26,1200.6,1121.06,169.54,,
2020.6.29,1198.6,1119.3,169.61,,
2020.6.30,1203,1116.53,170.13,,
2020.7.1,1203.4,1117.52,170.23,,
2020.7.2,1200,1116.54,169.83,,
2020.7.3,1198.6,1114.82,169.74,,
2020.7.6,1195.8,1110.46,169.82,,
2020.7.7,1195.7,1111.76,170.3,,
2020.7.8,1195.5,1111.52,170.28,,
2020.7.9,1195.5,1114.95,171.16,,
2020.7.10,1204.5,1126.81,171.87,,
2020.7.13,1200.9,1123.23,171.48,,
2020.7.14,1205.7,1123.72,171.95,,
2020.7.15,1200.5,1119.5,171.61,,
2020.7.16,1205.6,1127.31,172.26,,
2020.7.17,1205.1,1123.79,172.28,,
2020.7.20,1203.2,1121.92,172.2,,
2020.7.21,1197.8,1116,171.32,,
2020.7.22,1195.3,1118.51,171.39,,
2020.7.23,1197.3,1117.41,171.1,,
2020.7.24,1201.5,1129.28,171.12,,
2020.7.27,1196.1,1133.15,170.78,,
2020.7.28,1196.9,1133.8,171,,
2020.7.29,1193.1,1136.34,170.33,,
2020.7.30,1194.4,1134.66,170.51,,
2020.7.31,1191.3,1141.37,170.28,,
2020.8.3,1193.4,1126.65,170.89,,
2020.8.4,1194.1,1125.93,171.04,,
2020.8.5,1188.8,1125.12,171.01,,
2020.8.6,1183.5,1122.17,170.59,,
2020.8.7,1184.7,1122.35,170.17,,
2020.8.10,1185.6,1120.98,170.2,,
2020.8.11,1185.6,1116.33,170.63,,
2020.8.12,1185.3,1110.82,170.6,,
2020.8.13,1183.3,1110.14,170.64,,
2020.8.14,1184.6,1109.12,170.6,,
2020.8.18,1183.7,1121.51,171.14,,
2020.8.19,1181.2,1119.51,170.87,,
2020.8.20,1186.9,1118.82,171.64,,
2020.8.21,1186.3,1123.6,171.99,,
2020.8.24,1189.1,1123.33,171.97,,
2020.8.25,1185.1,1117.81,171.64,,
2020.8.26,1186.8,1115.57,172.04,,
2020.8.27,1185,1117.77,172.25,,
2020.8.28,1184.3,1114.27,172.53,,
2020.8.31,1187.8,1124.01,173.23,,
2020.9.1,1183,1119.05,173.41,,
2020.9.2,1185.4,1117.62,173.59,,
2020.9.3,1188.3,1118.24,173.69,,
2020.9.4,1189.6,1120.41,173.88,,
2020.9.7,1188.3,1118.24,173.91,,
2020.9.8,1186.4,1116.87,173.72,,
2020.9.9,1189.1,1123.44,173.54,,
2020.9.10,1184.9,1116.3,173.15,,
2020.9.11,1186.9,1117.77,173.61,,
2020.9.14,1183.5,1115.93,173.29,,
2020.9.15,1179,1115.9,173.94,,
2020.9.16,1176.1,1116.32,173.68,,
2020.9.17,1174.4,1118.96,173.38,,
2020.9.18,1160.3,1107,171.9,,
2020.9.21,1158,1109.83,171.3,,
2020.9.22,1165,1113.5,171.42,,
2020.9.23,1164.4,1107.63,171.43,,
2020.9.24,1172.7,1113.46,171.61,,
2020.9.25,1172.3,1113.14,171.73,,
2020.9.28,1173.6,1114.58,171.67,,
2020.9.29,1169.5,1107.11,171.15,,
2020.10.5,1163.4,1101.86,172.33,,
2020.10.6,1161,1098.86,172.56,,
2020.10.7,1158.2,1095.28,172.02,,
2020.10.8,1153.3,1088.07,171.32,,
2020.10.12,1146.8,1086.96,170.93,,
2020.10.13,1147.1,1088.49,170.18,,
2020.10.14,1146.9,1087.47,170.24,,
2020.10.15,1143.2,1085.92,170.18,,
2020.10.16,1147.4,1089.91,170.75,,
2020.10.19,1142,1083.34,170.66,,
2020.10.20,1139.4,1079.85,170.66,,
2020.10.21,1131.9,1075.59,170.51,,
2020.10.22,1132.9,1082.66,170.3,,
2020.10.23,1132.9,1081.84,169.67,,
2020.10.26,1127.7,1075.28,168.91,,
2020.10.27,1125.5,1075.03,168.27,,
2020.10.28,1130.6,1084.66,168.51,,
2020.10.29,1131.4,1083.82,168.66,,
2020.10.30,1135.1,1088.98,169.43,,
2020.11.2,1133.6,1082.4,169.43,,
2020.11.3,1134.1,1083.03,169.53,,
2020.11.4,1137.7,1084.09,169.56,,
2020.11.5,1128.2,1081.22,170.05,,
2020.11.6,1120.4,1081.52,169.55,,
2020.11.9,1113.9,1075.92,169.53,,
2020.11.10,1115.1,1061.65,168.74,,
2020.11.11,1110,1054.03,168.33,,
2020.11.12,1114.8,1059.95,168.18,,
2020.11.13,1115.6,1062.83,168.49,,
2020.11.16,1109.3,1061.02,168.56,,
2020.11.17,1106.6,1058.9,168.5,,
2020.11.18,1103.8,1060.99,168.75,,
2020.11.19,1115.6,1073.88,169.63,,
2020.11.20,1114.3,1073.97,169.76,,
2020.11.23,1110.4,1070.21,169.37,,
2020.11.24,1112.7,1065.96,168.9,,
2020.11.25,1108.9,1060.79,168.41,,
2020.11.26,1104.6,1058.65,168.43,,
2020.11.27,1103.2,1060.92,167.89,,
2020.11.30,1106.5,1065.02,168.06,,
2020.12.1,1106.2,1060.04,168.65,,
2020.12.2,1100.8,1054.15,168.05,,
2020.12.3,1097,1050.16,167.38,,
2020.12.4,1082.1,1041.83,165.86,,
2020.12.7,1082.1,1039.23,165.91,,
2020.12.8,1085.4,1043.2,166.5,,
2020.12.9,1084.8,1041.62,166.62,,
2020.12.10,1087.7,1041.36,166.39,,
2020.12.11,1090.3,1048.01,167.25,,
2020.12.14,1091.8,1049.66,167.34,,
2020.12.15,1093.3,1050.14,167,,
2020.12.16,1094,1056.55,167.7,,
2020.12.17,1093.3,1058.48,167.92,,
2020.12.18,1099.7,1063.85,168.34,,
2020.12.21,1102.7,1065.98,168.71,,
2020.12.22,1107.4,1070.83,169.32,,
2020.12.23,1107.9,1070.85,169.52,,
2020.12.24,1103,1064.93,169.19,,
2020.12.28,1096.7,1059.97,168.14,,
2020.12.29,1092.1,1052.88,167.52,,
2020.12.30,1086.3,1051.14,167.02,,
2021.1.4,1082.1,1050.33,167.81,,
2021.1.5,1087.6,1056.69,168.85,,
2021.1.6,1085.6,1056.6,168.67,,
2021.1.7,1087.3,1053.64,168.77,,
2021.1.8,1089.8,1048.99,168.75,,
2021.1.11,1097.3,1053.73,169.4,,
2021.1.12,1099.9,1055.21,170.29,,
2021.1.13,1095.1,1056.08,169.95,,
2021.1.14,1098,1055.21,169.76,,
2021.1.15,1099.4,1059.51,169.96,,
2021.1.18,1103.9,1064.05,170.01,,
2021.1.19,1102.9,1060.33,169.88,,
2021.1.20,1100.3,1060.43,170.16,,
2021.1.21,1098.2,1062.14,170,,
2021.1.22,1103.2,1064.56,170.33,,
2021.1.25,1100.7,1061.27,169.73,,
2021.1.26,1106.5,1066.92,170.57,,
2021.1.27,1104.4,1065.25,170.64,,
2021.1.28,1119.6,1073.8,172.23,,
2021.1.29,1118.8,1070.67,172.82,,
2021.2.1,1116.5,1066.63,172.76,,
2021.2.2,1117.7,1064.53,172.64,,
2021.2.3,1114.9,1061.56,172.47,,
2021.2.4,1118.5,1063.31,172.98,,
2021.2.5,1123.7,1064.82,173.41,,
2021.2.8,1119.6,1061.08,173.64,,
2021.2.9,1116.6,1064.8,173.33,,
2021.2.10,1107,1058.42,172.29,,
2021.2.15,1101.4,1048,172.01,,
2021.2.16,1100.1,1042.7,171.56,,
2021.2.17,1107.5,1045.26,171.98,,
2021.2.18,1107.6,1045.84,171.87,,
2021.2.19,1105.9,1047.2,171.23,,
2021.2.22,1110.4,1051.17,171.75,,
2021.2.23,1110.6,1056.66,171.8,,
2021.2.24,1112.2,1054.12,172.2,,
2021.2.25,1107.8,1045.83,171.8,,
2021.2.26,1123.5,1058.16,173.34,,
2021.3.2,1124,1052.19,173.42,,
2021.3.3,1120.3,1048.18,173.24,,
2021.3.4,1125.1,1050.37,173.85,,
2021.3.5,1126.1,1041.38,173.56,,
2021.3.8,1133.2,1045.34,173.74,,
2021.3.9,1140.3,1045,174.4,,
2021.3.10,1142.7,1049.75,175.15,,
2021.3.11,1135.9,1044.27,174.72,,
2021.3.12,1133.8,1041.47,174.45,,
2021.3.15,1136.3,1039.66,174.41,,
2021.3.16,1129.7,1035.05,173.97,,
2021.3.17,1130.2,1035.98,173.89,,
2021.3.18,1123.7,1032.1,173.08,,
2021.3.19,1130.6,1039.01,173.64,,
2021.3.22,1128.4,1037.47,173.3,,
2021.3.23,1129.7,1038.95,173.5,,
2021.3.24,1133.6,1044.84,173.65,,
2021.3.25,1133.3,1040.06,173.41,,
2021.3.26,1129.3,1034,172.63,,
2021.3.29,1131.7,1033.23,172.51,,
2021.3.30,1133.6,1030.12,172.52,,
2021.3.31,1131.8,1022.08,172.17,,
2021.4.1,1131.9,1021.52,172.1,,
2021.4.2,1127.5,1020.92,171.69,,
2021.4.5,1127.7,1019.02,171.32,,
2021.4.6,1119.6,1015.65,170.79,,
2021.4.7,1116.3,1016.9,170.55,,
2021.4.8,1117.2,1018.83,170.49,,
2021.4.9,1121.2,1024.39,170.65,,
2021.4.12,1124.9,1026.79,171.58,,
2021.4.13,1125.9,1027.52,171.74,,
2021.4.14,1116.6,1026.1,170.68,,
2021.4.15,1117.6,1026.17,170.92,,
2021.4.16,1116.3,1025.26,170.86,,
2021.4.19,1117.2,1029.25,171.28,,
2021.4.20,1112.3,1027.29,171.3,,
2021.4.21,1118.6,1035.31,172.27,,
2021.4.22,1117.3,1034.68,172.27,,
2021.4.23,1117.8,1035.53,172.14,,
2021.4.26,1113.2,1032.61,171.7,,
2021.4.27,1110.4,1026.2,171.31,,
2021.4.28,1113,1021.34,171.66,,
2021.4.29,1108.2,1019.27,171.4,,
2021.4.30,1112.3,1022.38,171.98,,
2021.5.3,1124,1025.97,173.34,,
2021.5.4,1122.6,1026.85,173.19,,
2021.5.6,1125.8,1029.73,173.78,,
2021.5.7,1121.3,1027.07,173.56,,
2021.5.10,1113.8,1023.1,173.48,,
2021.5.11,1119.6,1028.15,174.12,,
2021.5.12,1124.7,1033.59,174.75,,
2021.5.13,1129.3,1030.15,174.99,,
2021.5.14,1128.6,1031.25,175.28,,
2021.5.17,1134.8,1038.77,176.15,,
2021.5.18,1130.5,1036.44,175.77,,
2021.5.20,1132,1037.44,175.81,,
2021.5.21,1127,1036.27,175.15,,
2021.5.24,1127.1,1036.46,175.19,,
2021.5.25,1122,1031.91,175.4,,
2021.5.26,1116.9,1026.04,174.86,,
2021.5.27,1118.1,1024.56,175.34,,
2021.5.28,1115.5,1015.34,175.1,,
2021.5.31,1110.9,1012.3,174.53,,
2021.6.1,1105.9,1010.55,173.58,,
2021.6.2,1113.3,1014.63,174.35,,
2021.6.3,1113.6,1014.25,174.26,,
2021.6.4,1116.5,1012.74,174.21,,
2021.6.7,1112.9,1016.49,173.9,,
2021.6.8,1114.2,1017.86,174.44,,
2021.6.9,1115.4,1018.86,174.42,,
2021.6.10,1115.8,1019.04,174.85,,
2021.6.11,1110.8,1015.22,173.98,,
2021.6.14,1116.7,1018.05,174.3,,
2021.6.15,1117,1014.67,174.5,,
2021.6.16,1117.2,1014.44,174.49,,
2021.6.17,1130.4,1021.09,175.78,,
2021.6.18,1132.3,1028.76,175.47,,
2021.6.21,1134.7,1031.83,175.31,,
2021.6.22,1131.9,1024.76,174.83,,
2021.6.23,1137.7,1026.11,175.25,,
2021.6.24,1134.9,1023.77,175.2,,
2021.6.25,1127.7,1017.18,174.6,,
2021.6.28,1130.3,1021.19,174.87,,
2021.6.29,1128.5,1020.16,174.71,,
2021.6.30,1126.1,1019.19,174.28,,
2021.7.1,1133.1,1019.3,175.01,,
2021.7.2,1135,1016.98,174.98,,
2021.7.5,1131.8,1018.81,175.09,,
2021.7.6,1129.7,1019.35,174.9,,
2021.7.7,1138.1,1028.23,175.82,,
2021.7.8,1145,1038.5,176.54,,
2021.7.9,1149.1,1043.88,176.95,,
2021.7.12,1147,1040.98,177.05,,
2021.7.13,1145.4,1037.83,177.03,,
2021.7.14,1148.5,1039.55,177.32,,
2021.7.15,1141.5,1039.57,176.63,,
2021.7.16,1139.5,1036.14,176.28,,
2021.7.19,1147.8,1044.79,176.92,,
2021.7.20,1150.4,1050.35,177.22,,
2021.7.21,1154,1050.86,178.05,,
2021.7.22,1149.9,1044.08,177.83,,
2021.7.23,1150.8,1043.57,177.7,,
2021.7.26,1155,1046.91,178.01,,
2021.7.27,1150.1,1043.65,177.42,,
2021.7.28,1154.6,1050.83,177.23,,
2021.7.29,1146.5,1044.31,177.05,,
2021.7.30,1150.3,1049.4,177.83,,
2021.8.2,1150.9,1049.76,178.01,,
2021.8.3,1148.3,1052.38,177.77,,
2021.8.4,1143.6,1048.07,177.05,,
2021.8.5,1143.7,1043,176.97,,
2021.8.6,1142.1,1039.93,176.76,,
2021.8.9,1144.3,1039.19,176.69,,
2021.8.10,1149.8,1041.82,177.4,,
2021.8.11,1156.4,1044.2,178.26,,
2021.8.12,1161.2,1051.86,179.27,,
2021.8.13,1169,1059.21,180.45,,
2021.8.17,1176.3,1075.92,181.61,,
2021.8.18,1168,1065.74,180.14,,
2021.8.19,1176.2,1069.32,180.9,,
2021.8.20,1179.6,1075.44,181.3,,
2021.8.23,1173.7,1067.58,180.61,,
2021.8.24,1165.6,1061.66,179.95,,
2021.8.25,1168.1,1064.76,180.33,,
2021.8.26,1170.5,1063.85,180.42,,
2021.8.27,1169.2,1062.96,180.38,,
2021.8.30,1167,1063.13,180.35,,
2021.8.31,1159.5,1055.77,179.46,,
2021.9.1,1157.2,1050.04,179.22,,
2021.9.2,1161.5,1056.25,179.9,,
2021.9.3,1157,1051.48,179.34,,
2021.9.6,1156.5,1053.33,179.41,,
2021.9.7,1157.8,1053.6,179.39,,
2021.9.8,1166.7,1056.6,180.43,,
2021.9.9,1169.2,1062.09,181,,
2021.9.10,1169.1,1063.64,181.52,,
2021.9.13,1176,1068.17,182.26,,
2021.9.14,1170.8,1063.64,181.66,,
2021.9.15,1170.5,1068.8,181.68,,
2021.9.16,1171.8,1072.14,182.08,,
2021.9.17,1175,1069.49,182.33,,
2021.9.23,1175.5,1069.8,181.85,,
2021.9.24,1176.5,1064.56,182.17,,
2021.9.27,1176.8,1062.96,182.06,,
2021.9.28,1184.4,1064.29,183.2,,
2021.9.29,1181.8,1060.62,182.68,,
2021.9.30,1184,1057.85,182.95,,
2021.10.1,1188.7,1069.55,184.12,,
2021.10.5,1188.7,1069.17,184.09,,
2021.10.6,1192.3,1066.89,184.85,,
2021.10.7,1190.4,1068.01,184.5,,
2021.10.8,1194.6,1067.51,185.26,,
2021.10.12,1198.8,1059.62,185.75,,
2021.10.13,1193.8,1051.85,185.11,,
2021.10.14,1186.8,1045.5,184.36,,
2021.10.15,1182.4,1036.69,183.81,,
2021.10.18,1187.6,1038.97,184.5,,
2021.10.19,1178.7,1033.36,184.3,,
2021.10.20,1174.2,1025.46,184.03,,
2021.10.21,1177.2,1032.45,184.25,,
2021.10.22,1177.1,1032.86,184.2,,
2021.10.25,1168.4,1028.57,183.21,,
2021.10.26,1167.6,1024.97,182.92,,
2021.10.27,1170,1026.14,183.41,,
2021.10.28,1169.7,1030.16,182.82,,
2021.10.29,1168.6,1029.2,182.95,,
2021.11.1,1176.5,1029.17,183.88,,
2021.11.2,1174.4,1032.94,183.62,,
2021.11.3,1181.6,1037.77,184.57,,
2021.11.4,1182.6,1035.69,184.91,,
2021.11.5,1185.2,1042.62,185.2,,
2021.11.8,1183.1,1041.51,184.93,,
2021.11.9,1177.2,1043.39,184.23,,
2021.11.10,1180.9,1046.02,184.75,,
2021.11.11,1180.8,1036.2,184.43,,
2021.11.12,1179.6,1032.52,184.69,,
2021.11.15,1178.4,1034.73,184.8,,
2021.11.16,1179.9,1033.28,185.15,,
2021.11.17,1182.5,1029.38,185.14,,
2021.11.18,1180.4,1033.4,185.07,,
2021.11.19,1185.3,1036.65,185.6,,
2021.11.22,1185.1,1037.92,185.75,,
2021.11.23,1189.7,1033.67,186.29,,
2021.11.24,1186.5,1031.78,185.63,,
2021.11.25,1190.2,1031.32,186.29,,
2021.11.26,1193.3,1041.73,186.69,,
2021.11.29,1193,1054.68,186.76,,
2021.11.30,1187.9,1049.52,186.3,,
2021.12.1,1179.2,1038.07,185.17,,
2021.12.2,1175.9,1040.21,184.53,,
2021.12.3,1180.1,1042.35,185.24,,
2021.12.6,1183,1046.67,185.53,,
2021.12.7,1179.5,1037.11,185.18,,
2021.12.8,1175.9,1035.76,185.14,,
2021.12.9,1174.5,1033.75,185.08,,
2021.12.10,1181.3,1040.7,185.44,,
2021.12.13,1180.8,1039.94,185.46,,
2021.12.14,1182.6,1041.16,185.74,,
2021.12.15,1185.2,1042.55,186.17,,
2021.12.16,1183.9,1036.74,185.7,,
2021.12.17,1180.9,1040.39,185.01,,
2021.12.20,1190.8,1049.53,186.42,,
2021.12.21,1192.9,1048.93,186.92,,
2021.12.22,1192,1044.29,186.9,,
2021.12.23,1187.9,1039.96,186.25,,
2021.12.24,1186.6,1037.28,186.19,,
2021.12.27,1186.8,1036.82,186.15,,
2021.12.28,1188,1034.08,186.4,,
2021.12.29,1186.5,1032.73,186.18,,
2021.12.30,1188.8,1032.39,186.63,,
2022.1.3,1191.8,1033.16,187.35,,
2022.1.4,1194.1,1031.22,187.24,,
2022.1.5,1196.9,1031.77,187.76,,
2022.1.6,1200.9,1036.73,188.05,,
2022.1.7,1201.5,1036.36,188.33,,
2022.1.10,1199.1,1035.36,187.95,,
2022.1.11,1194.8,1036.84,187.3,,
2022.1.12,1190.5,1032.3,186.86,,
2022.1.13,1187.5,1035.99,186.63,,
2022.1.14,1187.3,1044.01,186.91,,
2022.1.17,1192.7,1041.7,187.82,,
2022.1.18,1190.1,1036.09,187.46,,
2022.1.19,1191.7,1042.84,187.55,,
2022.1.20,1192.4,1041.31,187.8,,
2022.1.21,1194,1048.84,188.22,,
2022.1.24,1196.1,1050.92,188.73,,
2022.1.25,1198.6,1052.88,189.33,,
2022.1.26,1197.7,1051.58,189.27,,
2022.1.27,1202.8,1048.74,189.36,,
2022.1.28,1205.5,1044.76,189.62,,
2022.2.3,1206.4,1053.26,189.48,,
2022.2.4,1197,1041.19,188.35,,
2022.2.7,1200.7,1041.42,188.6,,
2022.2.8,1197.7,1036.75,188.2,,
2022.2.9,1196.5,1035.89,187.87,,
2022.2.10,1196.5,1034.27,188.03,,
2022.2.11,1198.5,1032.26,188.27,,
2022.2.14,1191.1,1032.01,187.8,,
2022.2.15,1199.8,1040.09,188.78,,
2022.2.16,1197.6,1035.54,189.05,,
2022.2.17,1197.1,1037.75,189.07,,
2022.2.18,1195.9,1038.24,188.85,,
2022.2.21,1192.1,1036.92,188.34,,
2022.2.22,1192.7,1039.44,188.05,,
2022.2.23,1193.6,1037.51,188.64,,
2022.2.24,1202.4,1049.81,190.43,,
2022.2.25,1201.6,1042.92,190.4,,
2022.2.28,1202.3,1040.73,190.52,,
2022.3.2,1206.1,1048.01,190.97,,
2022.3.3,1204.6,1041.1,190.48,,
2022.3.4,1214.2,1051.03,192.02,,
2022.3.7,1227.1,1067.46,194.02,,
2022.3.8,1237,1071.41,195.8,,
2022.3.10,1228.3,1058.56,194.1,,
2022.3.11,1232,1056.2,194.62,,
2022.3.14,1242.3,1054.72,195.04,,
2022.3.15,1242.8,1050.33,194.4,,
2022.3.16,1235.7,1044.68,194.2,,
2022.3.17,1214.3,1022.27,190.85,,
2022.3.18,1207.6,1016.8,189.81,,
2022.3.21,1216.3,1019.92,190.85,,
2022.3.22,1218.1,1011.75,191.07,,
2022.3.23,1213.8,1002.27,190.13,,
2022.3.24,1218.8,1003.25,190.8,,
2022.3.25,1218.8,1000.21,191.15,,
2022.3.28,1227.3,996.79,192.15,,
2022.3.29,1219.8,988.13,191.14,,
2022.3.30,1209.6,993.39,190.1,,
2022.3.31,1212.1,995.2,190.68,,
2022.4.1,1215.5,993.42,191.17,,
2022.4.4,1214.4,989.45,190.6,,
2022.4.5,1212.7,989.51,190.55,,
2022.4.6,1218.3,982.7,191.12,,
2022.4.7,1219.5,985.89,191.64,,
2022.4.8,1225.1,987.55,192.59,,
2022.4.11,1233.1,983.92,193.26,,
2022.4.12,1236.2,983.65,193.79,,
2022.4.13,1228,974.02,192.5,,
2022.4.14,1224.7,976.6,192.15,,
2022.4.15,1229.6,971.59,192.68,,
2022.4.18,1234.4,974.69,193.34,,
2022.4.19,1236.9,964.93,193.73,,
2022.4.20,1236.1,960.64,192.33,,
2022.4.21,1239,966.8,191.28,,
2022.4.22,1239.1,968.01,190.85,,
2022.4.25,1249.9,973.63,189.67,,
2022.4.26,1250.8,978.37,190.32,,
2022.4.27,1265.2,988.63,192.13,,
2022.4.28,1272.5,978.13,191.68,,
2022.4.29,1255.9,963.89,189.6,,
2022.5.2,1265.1,970.88,189.8,,
2022.5.3,1267.8,974.07,189.51,,
2022.5.4,1266.3,972.92,190.44,,
2022.5.6,1272.7,974.76,189.6,,
2022.5.9,1274,972.26,188.49,,
2022.5.10,1276.4,979.1,189.62,,
2022.5.11,1275.5,979.15,189.08,,
2022.5.12,1288.6,996.4,189.46,,
2022.5.13,1284.2,997.24,188.29,,
2022.5.16,1284.1,995.85,188.77,,
2022.5.17,1275,986.57,188.12,,
2022.5.18,1266.6,980.61,187.6,,
2022.5.19,1277.7,993.74,188.37,,
2022.5.20,1268.1,991.75,189.33,,
2022.5.23,1264.1,989.24,189.45,,
2022.5.24,1266.2,991.74,189.37,,
2022.5.25,1264.6,996.1,189.34,,
2022.5.26,1267,995.64,187.49,,
2022.5.27,1256.2,989.8,185.88,,
2022.5.30,1238.6,974.24,185.97,,
2022.5.31,1237.2,967.81,185.7,,
2022.6.2,1252.1,963.64,187.1,,
2022.6.3,1242.7,956.7,187.32,,
2022.6.7,1257.7,946.1,188.46,,
2022.6.8,1253.8,941.47,187.86,,
2022.6.9,1256.9,938.86,187.87,,
2022.6.10,1268.9,947.47,189.49,,
2022.6.13,1284,953.34,190.09,,
2022.6.14,1286.4,956.32,190.96,,
2022.6.15,1290.5,958.52,191.98,,
2022.6.16,1285.6,957.87,191.9,,
2022.6.17,1287.3,960.13,192.16,,
2022.6.20,1292.4,958.22,193.37,,
2022.6.21,1293.6,957.55,193.24,,
2022.6.22,1297.3,951.06,192.78,,
2022.6.23,1301.8,958.37,193.94,,
2022.6.24,1298.2,963.09,193.93,,
2022.6.27,1286.5,952.29,192.46,,
2022.6.28,1283.4,947.61,191.84,,
2022.6.29,1299,955.89,193.53,,
2022.6.30,1298.4,952.99,193.85,,
2022.7.1,1297.3,960.93,193.13,,
2022.7.4,1297.1,957.8,193.82,,
2022.7.5,1300.3,955.15,194.25,,
2022.7.6,1306.3,965.73,194.62,,
2022.7.7,1299.8,957.04,193.83,,
2022.7.8,1300.4,958.54,193.92,,
2022.7.11,1303.9,951.72,194.24,,
2022.7.12,1312.1,955.47,194.7,,
2022.7.13,1306.9,953.56,194.26,,
2022.7.14,1312.1,946.92,194.64,,
2022.7.15,1326.1,954.75,195.8,,
2022.7.18,1317.4,952.81,194.98,,
2022.7.19,1313.4,952.12,194.58,,
2022.7.20,1312.9,949.83,194.25,,
2022.7.21,1307.7,945.31,193.26,,
2022.7.22,1313,952.31,193.85,,
2022.7.25,1313.7,963.02,194.43,,
2022.7.26,1307.6,956.44,193.59,,
2022.7.27,1313.3,959.42,194.12,,
2022.7.28,1296.1,957.56,192.79,,
2022.7.29,1299.1,980.05,192.52,,
2022.8.1,1304,984.04,192.79,,
2022.8.2,1304.7,996.3,192.6,,
2022.8.3,1310.3,983.97,193.88,,
2022.8.4,1310.1,976.12,193.8,,
2022.8.5,1298.3,973.64,192.27,,
2022.8.8,1306.4,964.52,193.01,,
2022.8.9,1304.6,965.69,193,,
2022.8.10,1310.4,970.06,193.8,,
2022.8.11,1303,979.81,193.55,,
2022.8.12,1302.4,976.71,193.36,,
2022.8.16,1308.1,981.14,192.15,,
2022.8.17,1310.3,974.02,193.13,,
2022.8.18,1320.7,976.74,193.87,,
2022.8.19,1325.9,972.67,194.44,,
2022.8.22,1339.8,977.49,195.77,,
2022.8.23,1345.5,979.79,195.64,,
2022.8.24,1342.1,981.68,195.19,,
2022.8.25,1335.2,977.06,194.9,,
2022.8.26,1331.3,972.07,194.01,,
2022.8.29,1350.4,973.23,194.85,,
2022.8.30,1346.7,972.24,194.45,,
2022.8.31,1337.6,965.74,193.72,,
2022.9.1,1354.9,972.4,195.93,,
2022.9.2,1362.6,971.03,197,,
2022.9.5,1371.4,976.88,197.48,,
2022.9.6,1371.7,971.84,197.37,,
2022.9.7,1384.2,961.84,198.1,,
2022.9.8,1380.8,961.79,198.3,,
2022.9.13,1373.6,965.86,198.38,,
2022.9.14,1390.9,967.85,199.64,,
2022.9.15,1393.7,970.58,199.77,,
2022.9.16,1388,966.81,197.8,,
2022.9.19,1393.6,972.4,198.47,,
2022.9.20,1389.5,969.68,198.06,,
2022.9.21,1394.2,970.45,197.83,,
2022.9.22,1409.7,970.7,199.01,,
2022.9.23,1409.3,991.66,198.97,,
2022.9.26,1431.3,994.75,199.93,,
2022.9.27,1421.5,984.93,198.85,,
2022.9.28,1439.9,995.2,199.18,,
2022.9.29,1438.9,994.71,199.85,,
2022.9.30,1430.2,990.07,201.83,,
2022.10.4,1426.5,985.05,202.07,,
2022.10.5,1410.1,978.59,201.06,,
2022.10.6,1402.4,970.15,199.15,,
2022.10.7,1412.4,974.04,198.52,,
2022.10.11,1435.2,984.94,199.78,,
2022.10.12,1424.9,975.06,198.87,,
2022.10.13,1431.3,974.83,198.94,,
2022.10.14,1428.5,968.9,199.12,,
2022.10.17,1435.3,965.13,198.99,,
2022.10.18,1422.7,955.44,197.52,,
2022.10.19,1426.2,954.91,197.13,,
2022.10.20,1433.3,955.95,197.75,,
2022.10.21,1439.8,957.15,198.32,,
2022.10.24,1439.7,966.63,197.85,,
2022.10.25,1433.1,962.49,195.38,,
2022.10.26,1426.6,964.34,195.86,,
2022.10.27,1417,973.45,196.56,,
2022.10.28,1421.5,970.41,196.17,,
2022.10.31,1424.3,963.7,195.25,,
2022.11.1,1417.2,958.51,194.43,,
2022.11.2,1417.4,961.7,194.65,,
2022.11.3,1423.8,964.54,194.3,,
2022.11.4,1419.2,959.34,195.3,,
2022.11.7,1401.2,951.87,194,,
2022.11.8,1384.9,943.81,190.9,,
2022.11.9,1364.8,936.11,188.28,,
2022.11.10,1377.5,941.91,189.78,,
2022.11.11,1318.4,931.44,185.87,,
2022.11.14,1325.9,951.18,188.69,,
2022.11.15,1317.6,938.76,187.04,,
2022.11.16,1325,948.09,187.29,,
2022.11.17,1339.1,960.51,187.65,,
2022.11.18,1340.3,958.25,187.75,,
2022.11.21,1354.7,963,189.18,,
2022.11.22,1356.6,956.13,189.36,,
2022.11.23,1351.8,956.05,188.84,,
2022.11.24,1328.2,955.71,185.8,,
2022.11.25,1323.7,954.47,184.78,,
2022.11.28,1340.2,968.77,185.72,,
2022.11.29,1326.6,956.9,185.09,,
2022.11.30,1318.8,952.58,184.32,,
2022.12.1,1299.7,952.82,184.18,,
2022.12.2,1299.9,962.46,184.55,,
2022.12.5,1292.6,960.33,186.05,,
2022.12.6,1318.8,960.7,189.06,,
2022.12.7,1321.7,959.39,189.34,,
2022.12.8,1318,963.1,189.06,,
2022.12.9,1301.3,956.35,187.04,,
2022.12.12,1307.2,953.92,187.38,,
2022.12.13,1306,949.37,186.27,,
2022.12.14,1296.3,956.93,186,,
2022.12.15,1303.1,960.6,187.03,,
2022.12.16,1305.4,950.87,187.3,,
2022.12.19,1302.9,958.05,186.6,,
2022.12.20,1289.6,988.78,184.71,,
2022.12.21,1285.7,973.31,184.35,,
2022.12.22,1276.2,968.18,182.61,,
2022.12.23,1280.8,965.22,182.78,,
2022.12.26,1274.8,960.99,182.43,,
2022.12.27,1271.4,957.13,182.61,,
2022.12.28,1267,946.12,181.77,,
2022.12.29,1264.5,945.6,181.58,,
2023.1.2,1272.6,971.93,183.7,,
2023.1.3,1271,979.31,184.5,,
2023.1.4,1271.7,972.43,184.5,,
2023.1.5,1269.4,959.23,184.5,,
2023.1.6,1268.6,945.76,184.9,,
2023.1.9,1243.5,943.37,183.34,,
2023.1.10,1244.7,943.2,183.53,,
2023.1.11,1246.2,941.77,183.78,,
2023.1.12,1245.8,945.83,184.2,,
2023.1.13,1241.3,962.29,184.06,,
2023.1.16,1235.3,965.91,183.85,,
2023.1.17,1238.7,961.61,182.9,,
2023.1.18,1237.4,945.63,182.57,,
2023.1.19,1232.1,963.82,181.81,,
2023.1.20,1235.5,956.75,182.26,,
2023.1.25,1231.7,944.81,181.91,,
2023.1.26,1230.7,951.23,182.33,,
2023.1.27,1231.3,947.55,182.24,,
2023.1.30,1227.4,947.54,181.71,,
2023.1.31,1231.9,945.98,182.38,,
2023.2.1,1231.3,945.23,182.39,,
2023.2.2,1220.3,948.28,181.74,,
2023.2.3,1229.4,955.65,182.13,,
2023.2.6,1252.8,950.13,184.47,,
2023.2.7,1255.3,949.87,184.84,,
2023.2.8,1260.1,960.41,185.61,,
2023.2.9,1260.4,960.85,185.6,,
2023.2.10,1265.2,961.58,185.7,,
2023.2.13,1277.3,965.86,186.8,,
2023.2.14,1269.4,962.14,186,,
2023.2.15,1282.2,963.52,187.13,,
2023.2.16,1284.8,959.41,187.13,,
2023.2.17,1299.5,964.49,188.56,,
2023.2.20,1294.5,965.65,188.52,,
2023.2.21,1295.9,964.39,188.39,,
2023.2.22,1304.9,967.63,189.17,,
2023.2.23,1297.1,962.56,188.23,,
2023.2.24,1304.8,969.21,187.97,,
2023.2.27,1323,970.33,189.38,,
2023.2.28,1322.6,970.4,190.08,,
2023.3.2,1315.3,962.51,190.3,,
2023.3.3,1301.6,953.66,188.3,,
2023.3.6,1296.9,954.69,187.35,,
2023.3.7,1299.4,955.97,187.19,,
2023.3.8,1321.4,959.45,189.34,,
2023.3.9,1322.2,966.98,189.3,,
2023.3.10,1324.2,968.3,189.85,,
2023.3.13,1301.8,968.71,188.99,,
2023.3.14,1311.1,982.13,190.67,,
2023.3.15,1303.7,967.39,189.21,,
2023.3.16,1313,987.89,190.17,,
2023.3.17,1302.2,979.43,189.76,,
2023.3.20,1310.5,996.31,189.83,,
2023.3.21,1311.2,997.83,190.57,,
2023.3.22,1307.7,987.69,189.83,,
2023.3.23,1278.3,978.08,187.67,,
2023.3.24,1294.3,993.9,188.94,,
2023.3.27,1301.5,991.73,189.15,,
2023.3.28,1298.8,991.94,188.65,,
2023.3.29,1302.7,987.72,189.05,,
2023.3.30,1299,980.04,188.7,,
2023.3.31,1301.9,979.42,189.44,,
2023.4.3,1316.5,984.63,190.99,,
2023.4.4,1315.8,991.75,191.13,,
2023.4.5,1310.5,996.46,190.72,,
2023.4.6,1319.1,1003.61,191.7,,
2023.4.7,1316.7,998.45,191.65,,
2023.4.10,1319.7,995.06,191.78,,
2023.4.11,1322.2,991.41,191.86,,
2023.4.12,1325.7,991.29,192.38,,
2023.4.13,1310.4,983.45,190.49,,
2023.4.14,1298.9,980.6,189.98,,
2023.4.17,1311.1,978.76,190.84,,
2023.4.18,1318.6,981.58,191.71,,
2023.4.19,1325.7,984.3,192.13,,
2023.4.20,1322.8,983.31,192.05,,
2023.4.21,1328.2,992.86,192.41,,
2023.4.24,1334.8,994.15,193.32,,
2023.4.25,1332.2,993.25,192.63,,
2023.4.26,1336.3,999.51,192.77,,
2023.4.27,1338,1000.26,193.05,,
2023.4.28,1337.7,989.17,193.28,,
2023.5.2,1342.1,975.4,193.02,,
2023.5.3,1338.2,983.57,193.1,,
2023.5.4,1322.8,984.85,191.37,,
2023.5.8,1321.4,980.96,190.92,,
2023.5.9,1323.9,982.16,191.02,,
2023.5.10,1324.8,978.11,191.2,,
2023.5.11,1326.3,988.34,190.88,,
2023.5.12,1334.5,990.39,191.77,,
2023.5.15,1337,982.62,191.99,,
2023.5.16,1338.6,984.37,191.9,,
2023.5.17,1337.2,977.81,190.78,,
2023.5.18,1334.2,971,189.8,,
2023.5.19,1326.7,960.85,188.44,,
2023.5.22,1318.1,955.94,187.48,,
2023.5.23,1312.7,947.56,185.94,,
2023.5.24,1317.4,951.29,186.61,,
2023.5.25,1326,950.44,187.16,,
2023.5.26,1324.5,948.34,187.4,,
2023.5.30,1324.9,940.35,186.47,,
2023.5.31,1327.2,951.09,186.3,,
2023.6.1,1321.6,946.13,185.63,,
2023.6.2,1305.7,940.06,184.18,,
2023.6.5,1308.1,932.59,183.55,,
2023.6.7,1303.8,936.13,182.73,,
2023.6.8,1303.7,931.51,182.54,,
2023.6.9,1291.5,926.77,181.05,,
2023.6.12,1288.3,923.74,180.29,,
2023.6.13,1271.4,910.97,177.41,,
2023.6.14,1278.5,912.46,178.2,,
2023.6.15,1280.5,906.2,178.84,,
2023.6.16,1271.9,903.82,178.87,,
2023.6.19,1282,905.21,178.99,,
2023.6.20,1280.3,900.64,178.55,,
2023.6.21,1292,910.02,179.46,,
2023.6.22,1294.9,912.9,180.08,,
2023.6.23,1304.2,910.47,180.64,,
2023.6.26,1306.3,910.66,180.46,,
2023.6.27,1300.3,905.47,180.39,,
2023.6.28,1307.3,908.26,180.59,,
2023.6.29,1317.6,911.11,181.35,,
2023.6.30,1317.7,911.11,181.3,,
2023.7.3,1308,904.03,180.15,,
2023.7.4,1301.4,900.78,180,,
2023.7.5,1298.6,897.29,179.13,,
2023.7.6,1300.9,905.01,179.41,,
2023.7.7,1305,909.44,179.96,,
2023.7.10,1306.5,916.68,180.37,,
2023.7.11,1293.7,919.21,179.65,,
2023.7.12,1288.7,924.83,179.16,,
2023.7.13,1274,919.69,177.66,,
2023.7.14,1265.8,917.55,177.63,,
2023.7.17,1266.6,914.02,176.33,,
2023.7.18,1260.4,910.07,175.66,,
2023.7.19,1265.6,907.86,175.35,,
2023.7.20,1269.9,909.96,176.63,,
2023.7.21,1283.4,915.77,179.01,,
2023.7.24,1279.9,904.17,177.91,,
2023.7.25,1275.4,901.63,178.41,,
2023.7.26,1274.5,905.86,178.24,,
2023.7.27,1277.7,911.96,178.99,,
2023.7.28,1277,916.5,178.46,,
2023.7.31,1274.6,899.6,178.34,,
2023.8.1,1283.8,900.12,178.96,,
2023.8.2,1298.5,909.22,180.36,,
2023.8.3,1299.1,904.89,180.33,,
2023.8.4,1309.8,919.77,182.21,,
2023.8.7,1306.2,918.6,181.32,,
2023.8.8,1315.7,919.52,182.1,,
2023.8.9,1315.7,919.01,182.23,,
2023.8.10,1316,914.02,182.14,,
2023.8.11,1324.9,915.37,182.86,,
2023.8.14,1330.9,919.42,182.85,,
2023.8.16,1336.9,919.56,182.77,,
2023.8.17,1342,917.2,182.91,,
2023.8.18,1338.3,937.53,183.26,,
2023.8.22,1335.5,915.29,183.42,,
2023.8.23,1339.7,920.41,183.61,,
2023.8.24,1322.6,911.38,181.5,,
2023.8.25,1325.2,907.39,181.83,,
2023.8.28,1323.4,904.36,181.43,,
2023.8.29,1321.9,902.78,181.23,,
2023.8.30,1323.4,904.86,181.31,,
2023.8.31,1321.8,905.37,181.17,,
2023.9.1,1318.8,905.68,181.48,,
2023.9.4,1319.8,903.01,181.57,,
2023.9.5,1330.6,905.32,182.25,,
2023.9.6,1330.5,904.46,182.11,,
2023.9.7,1335.4,905.45,182.12,,
2023.9.8,1333.4,906.09,181.27,,
2023.9.11,1331.1,910.75,182.25,,
2023.9.12,1327.8,903.82,181.59,,
2023.9.13,1330,903.04,182.37,,
2023.9.14,1325.7,901.07,182.26,,
2023.9.15,1325.9,898.76,182.34,,
2023.9.18,1324.4,897.26,181.79,,
2023.9.19,1328.5,898.58,181.92,,
2023.9.20,1330.1,899.17,182,,
2023.9.21,1339.7,903.13,183.28,,
2023.9.22,1336.8,902.48,183.05,,
2023.9.25,1336.5,900.76,182.73,,
2023.9.26,1348.5,904.21,184.49,,
2023.9.27,1349.3,904.69,184.64,,
2023.10.4,1363.5,913.57,185.97,,
2023.10.5,1350.5,907.93,184.53,,
2023.10.6,1349.9,906.43,184.57,,
2023.10.10,1349.5,907.07,185.15,,
2023.10.11,1338.7,898.97,183.58,,
2023.10.12,1338.5,897.93,183.41,,
2023.10.13,1350,901.59,184.77,,
2023.10.16,1353.7,905.52,185.13,,
2023.10.17,1353.6,904.6,184.99,,
2023.10.18,1349.6,901.75,184.5,,
2023.10.19,1357.4,906.11,185.2,,
2023.10.20,1352.4,902.11,184.33,,
2023.10.23,1353.7,902.92,184.8,,
2023.10.24,1343.1,897.64,183.77,,
2023.10.25,1349.7,900.79,184.47,,
2023.10.26,1360,902.9,185.55,,
2023.10.27,1355.9,902.64,184.92,,
2023.10.30,1350.9,903.1,184.43,,
2023.10.31,1350.5,899.16,184.19,,
2023.11.1,1357.3,897.3,185.05,,
2023.11.2,1342.9,892.8,183.18,,
2023.11.3,1322.4,879.93,180.59,,
2023.11.6,1297.3,867.38,178.05,,
2023.11.7,1307.9,869.82,179.54,,
2023.11.8,1310.6,869.76,179.92,,
2023.11.9,1310.1,867.53,179.68,,
2023.11.10,1316.8,869.89,180.34,,
2023.11.13,1325.1,873.18,181.31,,
2023.11.14,1328.9,875.98,182.02,,
2023.11.15,1300.8,863.49,179.45,,
2023.11.16,1296.9,856.8,178.66,,
2023.11.17,1296.9,860.84,178.81,,
2023.11.20,1291.6,865.83,179.76,,
2023.11.21,1289.2,872.53,180.46,,
2023.11.22,1300.5,873.08,181.89,,
2023.11.23,1297.5,870.95,181.67,,
2023.11.24,1306.4,875.22,182.57,,
2023.11.27,1303.8,875.18,182.08,,
2023.11.28,1293.7,872.79,180.77,,
2023.11.29,1289.6,876.71,181.04,,
2023.11.30,1290,877.52,180.92,,
2023.12.1,1305.8,881.91,182.76,,
2023.12.4,1304,889.22,182.71,,
2023.12.5,1311.2,893.04,183.45,,
2023.12.6,1313.1,892.02,183.25,,
2023.12.7,1325.3,905.38,184.91,,
2023.12.8,1306.8,907.15,182.32,,
2023.12.11,1316.5,903.85,182.98,,
2023.12.12,1314,903.62,182.85,,
2023.12.13,1319.9,905.5,183.39,,
2023.12.14,1295.4,913.67,181.54,,
2023.12.15,1296.5,913.03,182.22,,
2023.12.18,1297.2,911.69,181.92,,
2023.12.19,1307.8,910.44,183,,
2023.12.20,1298.9,904.24,182,,
2023.12.21,1305.1,911.92,182.64,,
2023.12.22,1303,915.83,182.04,,
2023.12.26,1294.5,910.05,181.14,,
2023.12.27,1294.2,907.16,181.01,,
2023.12.28,1288,912.28,181.17,,
2024.1.2,1300.4,919.69,182.37,,
2024.1.3,1304.8,918.45,182.6,,
2024.1.4,1310,911.72,182.96,,
2024.1.5,1315.4,906.14,183.3,,
2024.1.8,1316,912.78,183.58,,
2024.1.9,1315.7,914.16,183.52,,
2024.1.10,1320.1,911.39,183.89,,
2024.1.11,1312.9,902.68,183.17,,
2024.1.12,1313.5,905.02,183.18,,
2024.1.15,1320.2,909.13,183.72,,
2024.1.16,1331.8,911.29,185.02,,
2024.1.17,1344.2,909.2,186.16,,
2024.1.18,1339.7,906.27,185.83,,
2024.1.19,1339,900.14,185.62,,
2024.1.22,1338.9,904.57,185.73,,
2024.1.23,1333.4,900.95,185.98,,
2024.1.24,1337,904.08,186.49,,
2024.1.25,1335.8,903.73,186.45,,
2024.1.26,1336.3,904.16,185.97,,
2024.1.29,1335.7,902.65,185.71,,
2024.1.30,1329.4,902.24,185.03,,
2024.1.31,1334.6,902.95,185.57,,
2024.2.1,1331.8,906.57,185.23,,
2024.2.2,1322.6,903.51,183.94,,
2024.2.5,1330.8,897.4,184.55,,
2024.2.6,1327.6,894.64,184.27,,
2024.2.7,1327.8,896.89,184.41,,
2024.2.8,1328.2,893.24,184.21,,
2024.2.13,1328.1,888.39,184.06,,
2024.2.14,1335.4,887.16,184.73,,
2024.2.15,1334,888.24,184.61,,
2024.2.16,1335.4,889.05,184.99,,
2024.2.19,1335.2,890.04,185.24,,
2024.2.20,1337.6,889.57,185.48,,
2024.2.21,1334.7,889.77,185.65,,
2024.2.22,1328.7,884.53,184.65,,
2024.2.23,1331,883.59,184.63,,
2024.2.26,1331.1,884.83,184.71,,
2024.2.27,1331,884.47,184.64,,
2024.2.28,1333.6,885.5,184.98,,
2024.2.29,1331.5,888.88,184.76,,
2024.3.4,1331.3,885.44,184.66,,
2024.3.5,1334.5,886.62,185.01,,
2024.3.6,1334.5,890.29,185.08,,
2024.3.7,1330.9,896.38,184.52,,
2024.3.8,1319.8,892.12,183.32,,
2024.3.11,1310.3,891.75,182.2,,
2024.3.12,1311,889.21,182.56,,
2024.3.13,1314.5,890.91,182.68,,
2024.3.14,1317.6,890.78,183.16,,
2024.3.15,1330.5,897.14,184.61,,
2024.3.18,1333.7,894.29,185.1,,
2024.3.19,1339.8,891.39,185.88,,
2024.3.20,1339.6,884.15,185.66,,
2024.3.21,1322.4,875.85,183.36,,
2024.3.22,1338.4,883.75,184.33,,
2024.3.25,1342.1,887.37,185.17,,
2024.3.26,1339.5,885.12,184.9,,
2024.3.27,1348.7,888.94,185.87,,
2024.3.28,1346.2,889.67,185.58,,
2024.3.29,1347.2,889.74,185.68,,
2024.4.1,1349.4,891.78,186.06,,
2024.4.2,1352.1,891.15,186.11,,
2024.4.3,1348.9,889.45,185.84,,
2024.4.4,1347.1,888.21,185.85,,
2024.4.5,1352.8,894.5,186.7,,
2024.4.8,1353.2,891.29,186.81,,
2024.4.9,1354.9,892.06,187.06,,
2024.4.11,1364.1,891.13,188.04,,
2024.4.12,1375.4,897.63,189.45,,
2024.4.15,1384,899.72,190.64,,
2024.4.16,1394.5,902.74,191.64,,
2024.4.17,1386.8,897.11,191.07,,
2024.4.18,1372.9,890.48,189.62,,
2024.4.19,1382.2,895.29,190.51,,
2024.4.22,1379.2,891.5,190.26,,
2024.4.23,1378.3,890.58,189.92,,
2024.4.24,1369.2,883.84,188.59,,
2024.4.25,1375,883.53,189.2,,
2024.4.26,1375.3,881.8,189.45,,
2024.4.29,1377,876.15,189.76,,
2024.4.30,1382,881.41,190.47,,
2024.5.2,1375.9,885.42,190.53,,
2024.5.3,1362.8,890.11,189.32,,
2024.5.7,1360.1,880.52,188.31,,
2024.5.8,1361.5,877,188.58,,
2024.5.9,1370.1,879.99,189.45,,
2024.5.10,1368.1,879.27,189.34,,
2024.5.13,1368.2,877.87,188.98,,
2024.5.14,1369.1,874.85,189.02,,
2024.5.16,1345,872.27,186.39,,
2024.5.17,1354.9,870.06,187.51,,
2024.5.20,1355.9,870.59,187.38,,
2024.5.21,1363.3,872.2,188.25,,
2024.5.22,1362.9,871.28,188.08,,
2024.5.23,1362.4,869.85,187.79,,
2024.5.24,1369.5,871.93,188.65,,
2024.5.27,1363.8,869.69,187.95,,
2024.5.28,1358.5,866.09,187.05,,
2024.5.29,1365,868.85,187.85,,
2024.5.30,1379.4,879.35,189.92,,
2024.5.31,1384.5,882.38,190.76,,
2024.6.3,1376.1,874.91,189.56,,
2024.6.4,1376,882.31,189.68,,
2024.6.5,1373,881.57,189.3,,
2024.6.7,1365.3,879.85,188.26,,
2024.6.10,1376,875.85,189.34,,
2024.6.11,1378.4,876.32,189.69,,
2024.6.12,1376.2,875.47,189.27,,
2024.6.13,1373.9,873.84,189.12,,
2024.6.14,1379.3,871.95,189.63,,
2024.6.17,1381.2,877.87,189.76,,
2024.6.18,1381.1,874.7,189.91,,
2024.6.19,1381.8,875.47,189.91,,
2024.6.20,1384.7,875.42,190.12,,
2024.6.21,1388.3,873.12,190.55,,
2024.6.24,1389,869.46,190.61,,
2024.6.25,1387.5,869.99,190.45,,
2024.6.26,1388.7,868.78,190.38,,
2024.6.27,1385.8,864.37,189.97,,
2024.6.28,1376.7,855.6,188.7,,
2024.7.1,1379.3,856.95,189.09,,
2024.7.2,1388.2,858.5,190.06,,
2024.7.3,1390.6,858.79,190.31,,
2024.7.4,1380.4,855.56,189.07,,
2024.7.5,1380.3,859.28,189.46,,
2024.7.8,1383.3,860.56,189.84,,
2024.7.9,1381.6,859.12,189.76,,
2024.7.10,1384.7,857.9,189.88,,
2024.7.11,1378.8,852.72,189.21,,
2024.7.12,1379.6,866.88,189.58,,
2024.7.15,1382.8,874.06,190.08,,
2024.7.16,1384.9,873.45,190.26,,
2024.7.17,1381.5,874.84,189.62,,
2024.7.18,1381.7,884.37,190.08,,
2024.7.19,1386.7,878.97,190.53,,
2024.7.22,1388.2,886.43,190.35,,
2024.7.23,1386.2,885.55,190.1,,
2024.7.24,1383.8,895.11,190.01,,
2024.7.25,1385.4,906.41,191.12,,
2024.7.26,1385.8,901.77,190.91,,
2024.7.29,1381.9,901.7,190.25,,
2024.7.30,1385.3,894.23,190.49,,
2024.7.31,1376.5,900.88,190.17,,
2024.8.1,1366.2,910.71,188.71,,
2024.8.2,1371.2,919.93,190.1,,
2024.8.5,1374.8,964.6,192.5,,
2024.8.6,1375.6,943.06,192.44,,
2024.8.7,1376.8,937.43,191.64,,
2024.8.8,1377.2,941.22,192.26,,
2024.8.9,1364.6,927.7,190.4,,
2024.8.12,1372,931.72,191.1,,
2024.8.13,1370.4,926.92,190.96,,
2024.8.14,1360.6,924.6,190.3,,
2024.8.16,1357.6,911.48,189.24,,
2024.8.19,1334,916.93,186.94,,
2024.8.20,1333.2,906.23,186.65,,
2024.8.21,1336.6,916.33,187.39,,
2024.8.22,1334.7,918.99,187.25,,
2024.8.23,1338.8,919.54,187.59,,
2024.8.26,1326.8,922.06,186.42,,
2024.8.27,1331,919.68,186.93,,
2024.8.28,1339,926.29,187.62,,
2024.8.29,1333.2,922.15,187.58,,
2024.8.30,1336,921.16,188.41,,
2024.9.2,1338.4,914.74,188.4,,
2024.9.3,1341.4,917.8,188.39,,
2024.9.4,1342.2,924.09,188.68,,
2024.9.5,1335.9,933.64,188.14,,
2024.9.6,1327.6,932.6,187.53,,
2024.9.9,1339.8,937.28,188.4,,
2024.9.10,1343.7,937.98,188.68,,
2024.9.11,1339,947.13,188.11,,
2024.9.12,1338.7,938.75,187.91,,
2024.9.13,1329.5,943.28,187.24,,
2024.9.19,1329,931.36,188.04,,
2024.9.20,1329.1,936.45,188.75,,
2024.9.23,1335.9,927.48,189.3,,
2024.9.24,1334.9,925.31,189.62,,
2024.9.25,1331,928.08,189.67,,
2024.9.26,1327.2,917.43,189.31,,
2024.9.27,1318.6,916.9,188.27,,
2024.9.30,1307.8,922.51,186.7,,
2024.10.2,1319.3,916.91,187.84,,
2024.10.4,1333.7,913.21,189,,
2024.10.7,1346.7,907.02,190.25,,
2024.10.8,1349.7,912.67,191.06,,
2024.10.10,1350.2,905.35,190.75,,
2024.10.11,1349.5,906.77,190.49,,
2024.10.14,1355.9,908.63,191.33,,
2024.10.15,1361.3,911.09,191.05,,
2024.10.16,1362.6,913.05,191.05,,
2024.10.17,1368.6,914.75,191.81,,
2024.10.18,1369.7,913.71,192.47,,
2024.10.21,1375.2,919.84,193.12,,
2024.10.22,1380.1,915.7,193.49,,
2024.10.23,1382.2,908.12,193.54,,
2024.10.24,1380.2,906.68,193.8,,
2024.10.25,1388.7,914.31,194.67,,
2024.10.28,1385,903.43,193.9,,
2024.10.29,1386.5,906.48,193.66,,
2024.10.30,1382.4,901.5,193.48,,
2024.10.31,1379.9,903.22,193.58,,
2024.11.1,1379.4,904.55,193.44,,
2024.11.4,1370.9,902.53,193.34,,
2024.11.5,1378.6,905.1,193.98,,
2024.11.6,1396.2,906.56,194.2,,
2024.11.7,1396.6,906.27,194.2,,
2024.11.8,1386.4,906.94,193.58,,
2024.11.11,1394.7,908.75,193.69,,
2024.11.12,1403.5,913.41,193.6,,
2024.11.13,1406.6,906.99,194.45,,
2024.11.14,1405.1,901.49,193.8,,
2024.11.15,1398.8,894.97,192.99,,s
2024.11.18,1395.2,903.42,192.52,,
2024.11.19,1390.9,899.76,192.16,,
2024.11.20,1390.9,895.25,192.02,,
2024.11.21,1397.5,902.63,192.88,,
2024.11.22,1401.8,905.03,193.23,,