0,1,2,3,4,5,6,7,8,9,10,11,12,13,14,15,16,17,18,19,20,21,22,23
0.4544687705973194,0.4544687705973194,0.4544687705973194,0.4544687705973194,0.4544687705973194,0.4544687705973194,0.4544687705973194,0.4544687705973194,0.4544687705973194,0.4544687705973194,0.4544687705973194,0.4544687705973194,0.03335070349140168,0.029181865554976483,0.0182386659718603,0.022407503908285498,0.014069828035435106,0.015372589890568,0.012506513809275643,0.01042209484106299,0.011985409067222452,0.047420531526836784,0.05888483585200616,0.04585721730067732
0.4544687705973194,0.4544687705973194,0.4544687705973194,0.4544687705973194,0.4544687705973194,0.4544687705973194,0.4544687705973194,0.4544687705973194,0.4544687705973194,0.4544687705973194,0.4544687705973194,0.03335070349140168,0.029181865554976483,0.0182386659718603,0.022407503908285498,0.014069828035435106,0.015372589890568,0.012506513809275643,0.01042209484106299,0.011985409067222452,0.047420531526836784,0.05888483585200616,0.04585721730067732,0.030745179781135945
0.4544687705973194,0.4544687705973194,0.4544687705973194,0.4544687705973194,0.4544687705973194,0.4544687705973194,0.4544687705973194,0.4544687705973194,0.4544687705973194,0.4544687705973194,0.03335070349140168,0.029181865554976483,0.0182386659718603,0.022407503908285498,0.014069828035435106,0.015372589890568,0.012506513809275643,0.01042209484106299,0.011985409067222452,0.047420531526836784,0.05888483585200616,0.04585721730067732,0.030745179781135945,0.042470036477331885
0.4544687705973194,0.4544687705973194,0.4544687705973194,0.4544687705973194,0.4544687705973194,0.4544687705973194,0.4544687705973194,0.4544687705973194,0.4544687705973194,0.03335070349140168,0.029181865554976483,0.0182386659718603,0.022407503908285498,0.014069828035435106,0.015372589890568,0.012506513809275643,0.01042209484106299,0.011985409067222452,0.047420531526836784,0.05888483585200616,0.04585721730067732,0.030745179781135945,0.042470036477331885,0.04064616988014591
0.4544687705973194,0.4544687705973194,0.4544687705973194,0.4544687705973194,0.4544687705973194,0.4544687705973194,0.4544687705973194,0.4544687705973194,0.03335070349140168,0.029181865554976483,0.0182386659718603,0.022407503908285498,0.014069828035435106,0.015372589890568,0.012506513809275643,0.01042209484106299,0.011985409067222452,0.047420531526836784,0.05888483585200616,0.04585721730067732,0.030745179781135945,0.042470036477331885,0.04064616988014591,0.04090672225117242
0.4544687705973194,0.4544687705973194,0.4544687705973194,0.4544687705973194,0.4544687705973194,0.4544687705973194,0.4544687705973194,0.03335070349140168,0.029181865554976483,0.0182386659718603,0.022407503908285498,0.014069828035435106,0.015372589890568,0.012506513809275643,0.01042209484106299,0.011985409067222452,0.047420531526836784,0.05888483585200616,0.04585721730067732,0.030745179781135945,0.042470036477331885,0.04064616988014591,0.04090672225117242,0.04377279833246478
0.4544687705973194,0.4544687705973194,0.4544687705973194,0.4544687705973194,0.4544687705973194,0.4544687705973194,0.03335070349140168,0.029181865554976483,0.0182386659718603,0.022407503908285498,0.014069828035435106,0.015372589890568,0.012506513809275643,0.01042209484106299,0.011985409067222452,0.047420531526836784,0.05888483585200616,0.04585721730067732,0.030745179781135945,0.042470036477331885,0.04064616988014591,0.04090672225117242,0.04377279833246478,0.027879103699843588
0.4544687705973194,0.4544687705973194,0.4544687705973194,0.4544687705973194,0.4544687705973194,0.03335070349140168,0.029181865554976483,0.0182386659718603,0.022407503908285498,0.014069828035435106,0.015372589890568,0.012506513809275643,0.01042209484106299,0.011985409067222452,0.047420531526836784,0.05888483585200616,0.04585721730067732,0.030745179781135945,0.042470036477331885,0.04064616988014591,0.04090672225117242,0.04377279833246478,0.027879103699843588,0.03595622720166752
0.4544687705973194,0.4544687705973194,0.4544687705973194,0.4544687705973194,0.03335070349140168,0.029181865554976483,0.0182386659718603,0.022407503908285498,0.014069828035435106,0.015372589890568,0.012506513809275643,0.01042209484106299,0.011985409067222452,0.047420531526836784,0.05888483585200616,0.04585721730067732,0.030745179781135945,0.042470036477331885,0.04064616988014591,0.04090672225117242,0.04377279833246478,0.027879103699843588,0.03595622720166752,0.041948931735278694
0.4544687705973194,0.4544687705973194,0.4544687705973194,0.03335070349140168,0.029181865554976483,0.0182386659718603,0.022407503908285498,0.014069828035435106,0.015372589890568,0.012506513809275643,0.01042209484106299,0.011985409067222452,0.047420531526836784,0.05888483585200616,0.04585721730067732,0.030745179781135945,0.042470036477331885,0.04064616988014591,0.04090672225117242,0.04377279833246478,0.027879103699843588,0.03595622720166752,0.041948931735278694,0.03908285565398639
0.4544687705973194,0.4544687705973194,0.03335070349140168,0.029181865554976483,0.0182386659718603,0.022407503908285498,0.014069828035435106,0.015372589890568,0.012506513809275643,0.01042209484106299,0.011985409067222452,0.047420531526836784,0.05888483585200616,0.04585721730067732,0.030745179781135945,0.042470036477331885,0.04064616988014591,0.04090672225117242,0.04377279833246478,0.027879103699843588,0.03595622720166752,0.041948931735278694,0.03908285565398639,0.046899426784783704
0.4544687705973194,0.03335070349140168,0.029181865554976483,0.0182386659718603,0.022407503908285498,0.014069828035435106,0.015372589890568,0.012506513809275643,0.01042209484106299,0.011985409067222452,0.047420531526836784,0.05888483585200616,0.04585721730067732,0.030745179781135945,0.042470036477331885,0.04064616988014591,0.04090672225117242,0.04377279833246478,0.027879103699843588,0.03595622720166752,0.041948931735278694,0.03908285565398639,0.046899426784783704,0.05263157894736836
0.03335070349140168,0.029181865554976483,0.0182386659718603,0.022407503908285498,0.014069828035435106,0.015372589890568,0.012506513809275643,0.01042209484106299,0.011985409067222452,0.047420531526836784,0.05888483585200616,0.04585721730067732,0.030745179781135945,0.042470036477331885,0.04064616988014591,0.04090672225117242,0.04377279833246478,0.027879103699843588,0.03595622720166752,0.041948931735278694,0.03908285565398639,0.046899426784783704,0.05263157894736836,0.05054715997915571
0.029181865554976483,0.0182386659718603,0.022407503908285498,0.014069828035435106,0.015372589890568,0.012506513809275643,0.01042209484106299,0.011985409067222452,0.047420531526836784,0.05888483585200616,0.04585721730067732,0.030745179781135945,0.042470036477331885,0.04064616988014591,0.04090672225117242,0.04377279833246478,0.027879103699843588,0.03595622720166752,0.041948931735278694,0.03908285565398639,0.046899426784783704,0.05263157894736836,0.05054715997915571,0.036216779572694036
0.0182386659718603,0.022407503908285498,0.014069828035435106,0.015372589890568,0.012506513809275643,0.01042209484106299,0.011985409067222452,0.047420531526836784,0.05888483585200616,0.04585721730067732,0.030745179781135945,0.042470036477331885,0.04064616988014591,0.04090672225117242,0.04377279833246478,0.027879103699843588,0.03595622720166752,0.041948931735278694,0.03908285565398639,0.046899426784783704,0.05263157894736836,0.05054715997915571,0.036216779572694036,0.02735799895779034
0.022407503908285498,0.014069828035435106,0.015372589890568,0.012506513809275643,0.01042209484106299,0.011985409067222452,0.047420531526836784,0.05888483585200616,0.04585721730067732,0.030745179781135945,0.042470036477331885,0.04064616988014591,0.04090672225117242,0.04377279833246478,0.027879103699843588,0.03595622720166752,0.041948931735278694,0.03908285565398639,0.046899426784783704,0.05263157894736836,0.05054715997915571,0.036216779572694036,0.02735799895779034,0.0336112558624283
0.014069828035435106,0.015372589890568,0.012506513809275643,0.01042209484106299,0.011985409067222452,0.047420531526836784,0.05888483585200616,0.04585721730067732,0.030745179781135945,0.042470036477331885,0.04064616988014591,0.04090672225117242,0.04377279833246478,0.027879103699843588,0.03595622720166752,0.041948931735278694,0.03908285565398639,0.046899426784783704,0.05263157894736836,0.05054715997915571,0.036216779572694036,0.02735799895779034,0.0336112558624283,0.035174570088587764
0.015372589890568,0.012506513809275643,0.01042209484106299,0.011985409067222452,0.047420531526836784,0.05888483585200616,0.04585721730067732,0.030745179781135945,0.042470036477331885,0.04064616988014591,0.04090672225117242,0.04377279833246478,0.027879103699843588,0.03595622720166752,0.041948931735278694,0.03908285565398639,0.046899426784783704,0.05263157894736836,0.05054715997915571,0.036216779572694036,0.02735799895779034,0.0336112558624283,0.035174570088587764,0.0231891610213652
0.012506513809275643,0.01042209484106299,0.011985409067222452,0.047420531526836784,0.05888483585200616,0.04585721730067732,0.030745179781135945,0.042470036477331885,0.04064616988014591,0.04090672225117242,0.04377279833246478,0.027879103699843588,0.03595622720166752,0.041948931735278694,0.03908285565398639,0.046899426784783704,0.05263157894736836,0.05054715997915571,0.036216779572694036,0.02735799895779034,0.0336112558624283,0.035174570088587764,0.0231891610213652,0.0013027618551327835
0.01042209484106299,0.011985409067222452,0.047420531526836784,0.05888483585200616,0.04585721730067732,0.030745179781135945,0.042470036477331885,0.04064616988014591,0.04090672225117242,0.04377279833246478,0.027879103699843588,0.03595622720166752,0.041948931735278694,0.03908285565398639,0.046899426784783704,0.05263157894736836,0.05054715997915571,0.036216779572694036,0.02735799895779034,0.0336112558624283,0.035174570088587764,0.0231891610213652,0.0013027618551327835,0.0
0.011985409067222452,0.047420531526836784,0.05888483585200616,0.04585721730067732,0.030745179781135945,0.042470036477331885,0.04064616988014591,0.04090672225117242,0.04377279833246478,0.027879103699843588,0.03595622720166752,0.041948931735278694,0.03908285565398639,0.046899426784783704,0.05263157894736836,0.05054715997915571,0.036216779572694036,0.02735799895779034,0.0336112558624283,0.035174570088587764,0.0231891610213652,0.0013027618551327835,0.0,0.014590932777488186
0.047420531526836784,0.05888483585200616,0.04585721730067732,0.030745179781135945,0.042470036477331885,0.04064616988014591,0.04090672225117242,0.04377279833246478,0.027879103699843588,0.03595622720166752,0.041948931735278694,0.03908285565398639,0.046899426784783704,0.05263157894736836,0.05054715997915571,0.036216779572694036,0.02735799895779034,0.0336112558624283,0.035174570088587764,0.0231891610213652,0.0013027618551327835,0.0,0.014590932777488186,0.03491401771756114
0.05888483585200616,0.04585721730067732,0.030745179781135945,0.042470036477331885,0.04064616988014591,0.04090672225117242,0.04377279833246478,0.027879103699843588,0.03595622720166752,0.041948931735278694,0.03908285565398639,0.046899426784783704,0.05263157894736836,0.05054715997915571,0.036216779572694036,0.02735799895779034,0.0336112558624283,0.035174570088587764,0.0231891610213652,0.0013027618551327835,0.0,0.014590932777488186,0.03491401771756114,0.0364773319437206
0.04585721730067732,0.030745179781135945,0.042470036477331885,0.04064616988014591,0.04090672225117242,0.04377279833246478,0.027879103699843588,0.03595622720166752,0.041948931735278694,0.03908285565398639,0.046899426784783704,0.05263157894736836,0.05054715997915571,0.036216779572694036,0.02735799895779034,0.0336112558624283,0.035174570088587764,0.0231891610213652,0.0013027618551327835,0.0,0.014590932777488186,0.03491401771756114,0.0364773319437206,0.04220948410630532
0.030745179781135945,0.042470036477331885,0.04064616988014591,0.04090672225117242,0.04377279833246478,0.027879103699843588,0.03595622720166752,0.041948931735278694,0.03908285565398639,0.046899426784783704,0.05263157894736836,0.05054715997915571,0.036216779572694036,0.02735799895779034,0.0336112558624283,0.035174570088587764,0.0231891610213652,0.0013027618551327835,0.0,0.014590932777488186,0.03491401771756114,0.0364773319437206,0.04220948410630532,0.031005732152162513
0.042470036477331885,0.04064616988014591,0.04090672225117242,0.04377279833246478,0.027879103699843588,0.03595622720166752,0.041948931735278694,0.03908285565398639,0.046899426784783704,0.05263157894736836,0.05054715997915571,0.036216779572694036,0.02735799895779034,0.0336112558624283,0.035174570088587764,0.0231891610213652,0.0013027618551327835,0.0,0.014590932777488186,0.03491401771756114,0.0364773319437206,0.04220948410630532,0.031005732152162513,0.024752475247524663
0.04064616988014591,0.04090672225117242,0.04377279833246478,0.027879103699843588,0.03595622720166752,0.041948931735278694,0.03908285565398639,0.046899426784783704,0.05263157894736836,0.05054715997915571,0.036216779572694036,0.02735799895779034,0.0336112558624283,0.035174570088587764,0.0231891610213652,0.0013027618551327835,0.0,0.014590932777488186,0.03491401771756114,0.0364773319437206,0.04220948410630532,0.031005732152162513,0.024752475247524663,0.04064616988014591
0.04090672225117242,0.04377279833246478,0.027879103699843588,0.03595622720166752,0.041948931735278694,0.03908285565398639,0.046899426784783704,0.05263157894736836,0.05054715997915571,0.036216779572694036,0.02735799895779034,0.0336112558624283,0.035174570088587764,0.0231891610213652,0.0013027618551327835,0.0,0.014590932777488186,0.03491401771756114,0.0364773319437206,0.04220948410630532,0.031005732152162513,0.024752475247524663,0.04064616988014591,0.04064616988014591
0.04377279833246478,0.027879103699843588,0.03595622720166752,0.041948931735278694,0.03908285565398639,0.046899426784783704,0.05263157894736836,0.05054715997915571,0.036216779572694036,0.02735799895779034,0.0336112558624283,0.035174570088587764,0.0231891610213652,0.0013027618551327835,0.0,0.014590932777488186,0.03491401771756114,0.0364773319437206,0.04220948410630532,0.031005732152162513,0.024752475247524663,0.04064616988014591,0.04064616988014591,0.04142782699322556
0.027879103699843588,0.03595622720166752,0.041948931735278694,0.03908285565398639,0.046899426784783704,0.05263157894736836,0.05054715997915571,0.036216779572694036,0.02735799895779034,0.0336112558624283,0.035174570088587764,0.0231891610213652,0.0013027618551327835,0.0,0.014590932777488186,0.03491401771756114,0.0364773319437206,0.04220948410630532,0.031005732152162513,0.024752475247524663,0.04064616988014591,0.04064616988014591,0.04142782699322556,0.04455445544554448
0.03595622720166752,0.041948931735278694,0.03908285565398639,0.046899426784783704,0.05263157894736836,0.05054715997915571,0.036216779572694036,0.02735799895779034,0.0336112558624283,0.035174570088587764,0.0231891610213652,0.0013027618551327835,0.0,0.014590932777488186,0.03491401771756114,0.0364773319437206,0.04220948410630532,0.031005732152162513,0.024752475247524663,0.04064616988014591,0.04064616988014591,0.04142782699322556,0.04455445544554448,0.09458051068264717
0.041948931735278694,0.03908285565398639,0.046899426784783704,0.05263157894736836,0.05054715997915571,0.036216779572694036,0.02735799895779034,0.0336112558624283,0.035174570088587764,0.0231891610213652,0.0013027618551327835,0.0,0.014590932777488186,0.03491401771756114,0.0364773319437206,0.04220948410630532,0.031005732152162513,0.024752475247524663,0.04064616988014591,0.04064616988014591,0.04142782699322556,0.04455445544554448,0.09458051068264717,0.13809275664408538
0.03908285565398639,0.046899426784783704,0.05263157894736836,0.05054715997915571,0.036216779572694036,0.02735799895779034,0.0336112558624283,0.035174570088587764,0.0231891610213652,0.0013027618551327835,0.0,0.014590932777488186,0.03491401771756114,0.0364773319437206,0.04220948410630532,0.031005732152162513,0.024752475247524663,0.04064616988014591,0.04064616988014591,0.04142782699322556,0.04455445544554448,0.09458051068264717,0.13809275664408538,0.14981761334028132
0.046899426784783704,0.05263157894736836,0.05054715997915571,0.036216779572694036,0.02735799895779034,0.0336112558624283,0.035174570088587764,0.0231891610213652,0.0013027618551327835,0.0,0.014590932777488186,0.03491401771756114,0.0364773319437206,0.04220948410630532,0.031005732152162513,0.024752475247524663,0.04064616988014591,0.04064616988014591,0.04142782699322556,0.04455445544554448,0.09458051068264717,0.13809275664408538,0.14981761334028132,0.1740489838457529
0.05263157894736836,0.05054715997915571,0.036216779572694036,0.02735799895779034,0.0336112558624283,0.035174570088587764,0.0231891610213652,0.0013027618551327835,0.0,0.014590932777488186,0.03491401771756114,0.0364773319437206,0.04220948410630532,0.031005732152162513,0.024752475247524663,0.04064616988014591,0.04064616988014591,0.04142782699322556,0.04455445544554448,0.09458051068264717,0.13809275664408538,0.14981761334028132,0.1740489838457529,0.16258467952058353
0.05054715997915571,0.036216779572694036,0.02735799895779034,0.0336112558624283,0.035174570088587764,0.0231891610213652,0.0013027618551327835,0.0,0.014590932777488186,0.03491401771756114,0.0364773319437206,0.04220948410630532,0.031005732152162513,0.024752475247524663,0.04064616988014591,0.04064616988014591,0.04142782699322556,0.04455445544554448,0.09458051068264717,0.13809275664408538,0.14981761334028132,0.1740489838457529,0.16258467952058353,0.16440854611776962
0.036216779572694036,0.02735799895779034,0.0336112558624283,0.035174570088587764,0.0231891610213652,0.0013027618551327835,0.0,0.014590932777488186,0.03491401771756114,0.0364773319437206,0.04220948410630532,0.031005732152162513,0.024752475247524663,0.04064616988014591,0.04064616988014591,0.04142782699322556,0.04455445544554448,0.09458051068264717,0.13809275664408538,0.14981761334028132,0.1740489838457529,0.16258467952058353,0.16440854611776962,0.16154247003647726
0.02735799895779034,0.0336112558624283,0.035174570088587764,0.0231891610213652,0.0013027618551327835,0.0,0.014590932777488186,0.03491401771756114,0.0364773319437206,0.04220948410630532,0.031005732152162513,0.024752475247524663,0.04064616988014591,0.04064616988014591,0.04142782699322556,0.04455445544554448,0.09458051068264717,0.13809275664408538,0.14981761334028132,0.1740489838457529,0.16258467952058353,0.16440854611776962,0.16154247003647726,0.1500781657113079
0.0336112558624283,0.035174570088587764,0.0231891610213652,0.0013027618551327835,0.0,0.014590932777488186,0.03491401771756114,0.0364773319437206,0.04220948410630532,0.031005732152162513,0.024752475247524663,0.04064616988014591,0.04064616988014591,0.04142782699322556,0.04455445544554448,0.09458051068264717,0.13809275664408538,0.14981761334028132,0.1740489838457529,0.16258467952058353,0.16440854611776962,0.16154247003647726,0.1500781657113079,0.16649296508598221
0.035174570088587764,0.0231891610213652,0.0013027618551327835,0.0,0.014590932777488186,0.03491401771756114,0.0364773319437206,0.04220948410630532,0.031005732152162513,0.024752475247524663,0.04064616988014591,0.04064616988014591,0.04142782699322556,0.04455445544554448,0.09458051068264717,0.13809275664408538,0.14981761334028132,0.1740489838457529,0.16258467952058353,0.16440854611776962,0.16154247003647726,0.1500781657113079,0.16649296508598221,0.1894215737363209
0.0231891610213652,0.0013027618551327835,0.0,0.014590932777488186,0.03491401771756114,0.0364773319437206,0.04220948410630532,0.031005732152162513,0.024752475247524663,0.04064616988014591,0.04064616988014591,0.04142782699322556,0.04455445544554448,0.09458051068264717,0.13809275664408538,0.14981761334028132,0.1740489838457529,0.16258467952058353,0.16440854611776962,0.16154247003647726,0.1500781657113079,0.16649296508598221,0.1894215737363209,0.17170401250651374
0.0013027618551327835,0.0,0.014590932777488186,0.03491401771756114,0.0364773319437206,0.04220948410630532,0.031005732152162513,0.024752475247524663,0.04064616988014591,0.04064616988014591,0.04142782699322556,0.04455445544554448,0.09458051068264717,0.13809275664408538,0.14981761334028132,0.1740489838457529,0.16258467952058353,0.16440854611776962,0.16154247003647726,0.1500781657113079,0.16649296508598221,0.1894215737363209,0.17170401250651374,0.19254820218863983
0.0,0.014590932777488186,0.03491401771756114,0.0364773319437206,0.04220948410630532,0.031005732152162513,0.024752475247524663,0.04064616988014591,0.04064616988014591,0.04142782699322556,0.04455445544554448,0.09458051068264717,0.13809275664408538,0.14981761334028132,0.1740489838457529,0.16258467952058353,0.16440854611776962,0.16154247003647726,0.1500781657113079,0.16649296508598221,0.1894215737363209,0.17170401250651374,0.19254820218863983,0.19385096404377272
0.014590932777488186,0.03491401771756114,0.0364773319437206,0.04220948410630532,0.031005732152162513,0.024752475247524663,0.04064616988014591,0.04064616988014591,0.04142782699322556,0.04455445544554448,0.09458051068264717,0.13809275664408538,0.14981761334028132,0.1740489838457529,0.16258467952058353,0.16440854611776962,0.16154247003647726,0.1500781657113079,0.16649296508598221,0.1894215737363209,0.17170401250651374,0.19254820218863983,0.19385096404377272,0.2162584679520583
0.03491401771756114,0.0364773319437206,0.04220948410630532,0.031005732152162513,0.024752475247524663,0.04064616988014591,0.04064616988014591,0.04142782699322556,0.04455445544554448,0.09458051068264717,0.13809275664408538,0.14981761334028132,0.1740489838457529,0.16258467952058353,0.16440854611776962,0.16154247003647726,0.1500781657113079,0.16649296508598221,0.1894215737363209,0.17170401250651374,0.19254820218863983,0.19385096404377272,0.2162584679520583,0.20922355393434075
0.0364773319437206,0.04220948410630532,0.031005732152162513,0.024752475247524663,0.04064616988014591,0.04064616988014591,0.04142782699322556,0.04455445544554448,0.09458051068264717,0.13809275664408538,0.14981761334028132,0.1740489838457529,0.16258467952058353,0.16440854611776962,0.16154247003647726,0.1500781657113079,0.16649296508598221,0.1894215737363209,0.17170401250651374,0.19254820218863983,0.19385096404377272,0.2162584679520583,0.20922355393434075,0.20792079207920783
0.04220948410630532,0.031005732152162513,0.024752475247524663,0.04064616988014591,0.04064616988014591,0.04142782699322556,0.04455445544554448,0.09458051068264717,0.13809275664408538,0.14981761334028132,0.1740489838457529,0.16258467952058353,0.16440854611776962,0.16154247003647726,0.1500781657113079,0.16649296508598221,0.1894215737363209,0.17170401250651374,0.19254820218863983,0.19385096404377272,0.2162584679520583,0.20922355393434075,0.20792079207920783,0.20974465867639389
0.031005732152162513,0.024752475247524663,0.04064616988014591,0.04064616988014591,0.04142782699322556,0.04455445544554448,0.09458051068264717,0.13809275664408538,0.14981761334028132,0.1740489838457529,0.16258467952058353,0.16440854611776962,0.16154247003647726,0.1500781657113079,0.16649296508598221,0.1894215737363209,0.17170401250651374,0.19254820218863983,0.19385096404377272,0.2162584679520583,0.20922355393434075,0.20792079207920783,0.20974465867639389,0.23423658155289206
0.024752475247524663,0.04064616988014591,0.04064616988014591,0.04142782699322556,0.04455445544554448,0.09458051068264717,0.13809275664408538,0.14981761334028132,0.1740489838457529,0.16258467952058353,0.16440854611776962,0.16154247003647726,0.1500781657113079,0.16649296508598221,0.1894215737363209,0.17170401250651374,0.19254820218863983,0.19385096404377272,0.2162584679520583,0.20922355393434075,0.20792079207920783,0.20974465867639389,0.23423658155289206,0.25117248566961947
0.04064616988014591,0.04064616988014591,0.04142782699322556,0.04455445544554448,0.09458051068264717,0.13809275664408538,0.14981761334028132,0.1740489838457529,0.16258467952058353,0.16440854611776962,0.16154247003647726,0.1500781657113079,0.16649296508598221,0.1894215737363209,0.17170401250651374,0.19254820218863983,0.19385096404377272,0.2162584679520583,0.20922355393434075,0.20792079207920783,0.20974465867639389,0.23423658155289206,0.25117248566961947,0.29260031266284514
0.04064616988014591,0.04142782699322556,0.04455445544554448,0.09458051068264717,0.13809275664408538,0.14981761334028132,0.1740489838457529,0.16258467952058353,0.16440854611776962,0.16154247003647726,0.1500781657113079,0.16649296508598221,0.1894215737363209,0.17170401250651374,0.19254820218863983,0.19385096404377272,0.2162584679520583,0.20922355393434075,0.20792079207920783,0.20974465867639389,0.23423658155289206,0.25117248566961947,0.29260031266284514,0.32907764460656586
0.04142782699322556,0.04455445544554448,0.09458051068264717,0.13809275664408538,0.14981761334028132,0.1740489838457529,0.16258467952058353,0.16440854611776962,0.16154247003647726,0.1500781657113079,0.16649296508598221,0.1894215737363209,0.17170401250651374,0.19254820218863983,0.19385096404377272,0.2162584679520583,0.20922355393434075,0.20792079207920783,0.20974465867639389,0.23423658155289206,0.25117248566961947,0.29260031266284514,0.32907764460656586,0.3262115685252735
0.04455445544554448,0.09458051068264717,0.13809275664408538,0.14981761334028132,0.1740489838457529,0.16258467952058353,0.16440854611776962,0.16154247003647726,0.1500781657113079,0.16649296508598221,0.1894215737363209,0.17170401250651374,0.19254820218863983,0.19385096404377272,0.2162584679520583,0.20922355393434075,0.20792079207920783,0.20974465867639389,0.23423658155289206,0.25117248566961947,0.29260031266284514,0.32907764460656586,0.3262115685252735,0.3514851485148514
0.09458051068264717,0.13809275664408538,0.14981761334028132,0.1740489838457529,0.16258467952058353,0.16440854611776962,0.16154247003647726,0.1500781657113079,0.16649296508598221,0.1894215737363209,0.17170401250651374,0.19254820218863983,0.19385096404377272,0.2162584679520583,0.20922355393434075,0.20792079207920783,0.20974465867639389,0.23423658155289206,0.25117248566961947,0.29260031266284514,0.32907764460656586,0.3262115685252735,0.3514851485148514,0.3637311099531005
0.13809275664408538,0.14981761334028132,0.1740489838457529,0.16258467952058353,0.16440854611776962,0.16154247003647726,0.1500781657113079,0.16649296508598221,0.1894215737363209,0.17170401250651374,0.19254820218863983,0.19385096404377272,0.2162584679520583,0.20922355393434075,0.20792079207920783,0.20974465867639389,0.23423658155289206,0.25117248566961947,0.29260031266284514,0.32907764460656586,0.3262115685252735,0.3514851485148514,0.3637311099531005,0.35539343408025004
0.14981761334028132,0.1740489838457529,0.16258467952058353,0.16440854611776962,0.16154247003647726,0.1500781657113079,0.16649296508598221,0.1894215737363209,0.17170401250651374,0.19254820218863983,0.19385096404377272,0.2162584679520583,0.20922355393434075,0.20792079207920783,0.20974465867639389,0.23423658155289206,0.25117248566961947,0.29260031266284514,0.32907764460656586,0.3262115685252735,0.3514851485148514,0.3637311099531005,0.35539343408025004,0.4202709744658676
0.1740489838457529,0.16258467952058353,0.16440854611776962,0.16154247003647726,0.1500781657113079,0.16649296508598221,0.1894215737363209,0.17170401250651374,0.19254820218863983,0.19385096404377272,0.2162584679520583,0.20922355393434075,0.20792079207920783,0.20974465867639389,0.23423658155289206,0.25117248566961947,0.29260031266284514,0.32907764460656586,0.3262115685252735,0.3514851485148514,0.3637311099531005,0.35539343408025004,0.4202709744658676,0.43538301198540896
0.16258467952058353,0.16440854611776962,0.16154247003647726,0.1500781657113079,0.16649296508598221,0.1894215737363209,0.17170401250651374,0.19254820218863983,0.19385096404377272,0.2162584679520583,0.20922355393434075,0.20792079207920783,0.20974465867639389,0.23423658155289206,0.25117248566961947,0.29260031266284514,0.32907764460656586,0.3262115685252735,0.3514851485148514,0.3637311099531005,0.35539343408025004,0.4202709744658676,0.43538301198540896,0.4442417926003126
0.16440854611776962,0.16154247003647726,0.1500781657113079,0.16649296508598221,0.1894215737363209,0.17170401250651374,0.19254820218863983,0.19385096404377272,0.2162584679520583,0.20922355393434075,0.20792079207920783,0.20974465867639389,0.23423658155289206,0.25117248566961947,0.29260031266284514,0.32907764460656586,0.3262115685252735,0.3514851485148514,0.3637311099531005,0.35539343408025004,0.4202709744658676,0.43538301198540896,0.4442417926003126,0.5291818655549765
0.16154247003647726,0.1500781657113079,0.16649296508598221,0.1894215737363209,0.17170401250651374,0.19254820218863983,0.19385096404377272,0.2162584679520583,0.20922355393434075,0.20792079207920783,0.20974465867639389,0.23423658155289206,0.25117248566961947,0.29260031266284514,0.32907764460656586,0.3262115685252735,0.3514851485148514,0.3637311099531005,0.35539343408025004,0.4202709744658676,0.43538301198540896,0.4442417926003126,0.5291818655549765,0.5065138092756643
0.1500781657113079,0.16649296508598221,0.1894215737363209,0.17170401250651374,0.19254820218863983,0.19385096404377272,0.2162584679520583,0.20922355393434075,0.20792079207920783,0.20974465867639389,0.23423658155289206,0.25117248566961947,0.29260031266284514,0.32907764460656586,0.3262115685252735,0.3514851485148514,0.3637311099531005,0.35539343408025004,0.4202709744658676,0.43538301198540896,0.4442417926003126,0.5291818655549765,0.5065138092756643,0.5414278269932256
0.16649296508598221,0.1894215737363209,0.17170401250651374,0.19254820218863983,0.19385096404377272,0.2162584679520583,0.20922355393434075,0.20792079207920783,0.20974465867639389,0.23423658155289206,0.25117248566961947,0.29260031266284514,0.32907764460656586,0.3262115685252735,0.3514851485148514,0.3637311099531005,0.35539343408025004,0.4202709744658676,0.43538301198540896,0.4442417926003126,0.5291818655549765,0.5065138092756643,0.5414278269932256,0.5351745700885877
0.1894215737363209,0.17170401250651374,0.19254820218863983,0.19385096404377272,0.2162584679520583,0.20922355393434075,0.20792079207920783,0.20974465867639389,0.23423658155289206,0.25117248566961947,0.29260031266284514,0.32907764460656586,0.3262115685252735,0.3514851485148514,0.3637311099531005,0.35539343408025004,0.4202709744658676,0.43538301198540896,0.4442417926003126,0.5291818655549765,0.5065138092756643,0.5414278269932256,0.5351745700885877,0.5080771235018238
0.17170401250651374,0.19254820218863983,0.19385096404377272,0.2162584679520583,0.20922355393434075,0.20792079207920783,0.20974465867639389,0.23423658155289206,0.25117248566961947,0.29260031266284514,0.32907764460656586,0.3262115685252735,0.3514851485148514,0.3637311099531005,0.35539343408025004,0.4202709744658676,0.43538301198540896,0.4442417926003126,0.5291818655549765,0.5065138092756643,0.5414278269932256,0.5351745700885877,0.5080771235018238,0.5310057321521625
0.19254820218863983,0.19385096404377272,0.2162584679520583,0.20922355393434075,0.20792079207920783,0.20974465867639389,0.23423658155289206,0.25117248566961947,0.29260031266284514,0.32907764460656586,0.3262115685252735,0.3514851485148514,0.3637311099531005,0.35539343408025004,0.4202709744658676,0.43538301198540896,0.4442417926003126,0.5291818655549765,0.5065138092756643,0.5414278269932256,0.5351745700885877,0.5080771235018238,0.5310057321521625,0.498697238144867
0.19385096404377272,0.2162584679520583,0.20922355393434075,0.20792079207920783,0.20974465867639389,0.23423658155289206,0.25117248566961947,0.29260031266284514,0.32907764460656586,0.3262115685252735,0.3514851485148514,0.3637311099531005,0.35539343408025004,0.4202709744658676,0.43538301198540896,0.4442417926003126,0.5291818655549765,0.5065138092756643,0.5414278269932256,0.5351745700885877,0.5080771235018238,0.5310057321521625,0.498697238144867,0.42808754559666484
0.2162584679520583,0.20922355393434075,0.20792079207920783,0.20974465867639389,0.23423658155289206,0.25117248566961947,0.29260031266284514,0.32907764460656586,0.3262115685252735,0.3514851485148514,0.3637311099531005,0.35539343408025004,0.4202709744658676,0.43538301198540896,0.4442417926003126,0.5291818655549765,0.5065138092756643,0.5414278269932256,0.5351745700885877,0.5080771235018238,0.5310057321521625,0.498697238144867,0.42808754559666484,0.4408546117769671
0.20922355393434075,0.20792079207920783,0.20974465867639389,0.23423658155289206,0.25117248566961947,0.29260031266284514,0.32907764460656586,0.3262115685252735,0.3514851485148514,0.3637311099531005,0.35539343408025004,0.4202709744658676,0.43538301198540896,0.4442417926003126,0.5291818655549765,0.5065138092756643,0.5414278269932256,0.5351745700885877,0.5080771235018238,0.5310057321521625,0.498697238144867,0.42808754559666484,0.4408546117769671,0.4455445544554455
0.20792079207920783,0.20974465867639389,0.23423658155289206,0.25117248566961947,0.29260031266284514,0.32907764460656586,0.3262115685252735,0.3514851485148514,0.3637311099531005,0.35539343408025004,0.4202709744658676,0.43538301198540896,0.4442417926003126,0.5291818655549765,0.5065138092756643,0.5414278269932256,0.5351745700885877,0.5080771235018238,0.5310057321521625,0.498697238144867,0.42808754559666484,0.4408546117769671,0.4455445544554455,0.47029702970297016
0.20974465867639389,0.23423658155289206,0.25117248566961947,0.29260031266284514,0.32907764460656586,0.3262115685252735,0.3514851485148514,0.3637311099531005,0.35539343408025004,0.4202709744658676,0.43538301198540896,0.4442417926003126,0.5291818655549765,0.5065138092756643,0.5414278269932256,0.5351745700885877,0.5080771235018238,0.5310057321521625,0.498697238144867,0.42808754559666484,0.4408546117769671,0.4455445544554455,0.47029702970297016,0.459353830119854
0.23423658155289206,0.25117248566961947,0.29260031266284514,0.32907764460656586,0.3262115685252735,0.3514851485148514,0.3637311099531005,0.35539343408025004,0.4202709744658676,0.43538301198540896,0.4442417926003126,0.5291818655549765,0.5065138092756643,0.5414278269932256,0.5351745700885877,0.5080771235018238,0.5310057321521625,0.498697238144867,0.42808754559666484,0.4408546117769671,0.4455445544554455,0.47029702970297016,0.459353830119854,0.4601354872329337
0.25117248566961947,0.29260031266284514,0.32907764460656586,0.3262115685252735,0.3514851485148514,0.3637311099531005,0.35539343408025004,0.4202709744658676,0.43538301198540896,0.4442417926003126,0.5291818655549765,0.5065138092756643,0.5414278269932256,0.5351745700885877,0.5080771235018238,0.5310057321521625,0.498697238144867,0.42808754559666484,0.4408546117769671,0.4455445544554455,0.47029702970297016,0.459353830119854,0.4601354872329337,0.44007295466388735
0.29260031266284514,0.32907764460656586,0.3262115685252735,0.3514851485148514,0.3637311099531005,0.35539343408025004,0.4202709744658676,0.43538301198540896,0.4442417926003126,0.5291818655549765,0.5065138092756643,0.5414278269932256,0.5351745700885877,0.5080771235018238,0.5310057321521625,0.498697238144867,0.42808754559666484,0.4408546117769671,0.4455445544554455,0.47029702970297016,0.459353830119854,0.4601354872329337,0.44007295466388735,0.40046899426784777
0.32907764460656586,0.3262115685252735,0.3514851485148514,0.3637311099531005,0.35539343408025004,0.4202709744658676,0.43538301198540896,0.4442417926003126,0.5291818655549765,0.5065138092756643,0.5414278269932256,0.5351745700885877,0.5080771235018238,0.5310057321521625,0.498697238144867,0.42808754559666484,0.4408546117769671,0.4455445544554455,0.47029702970297016,0.459353830119854,0.4601354872329337,0.44007295466388735,0.40046899426784777,0.41714434601354866
0.3262115685252735,0.3514851485148514,0.3637311099531005,0.35539343408025004,0.4202709744658676,0.43538301198540896,0.4442417926003126,0.5291818655549765,0.5065138092756643,0.5414278269932256,0.5351745700885877,0.5080771235018238,0.5310057321521625,0.498697238144867,0.42808754559666484,0.4408546117769671,0.4455445544554455,0.47029702970297016,0.459353830119854,0.4601354872329337,0.44007295466388735,0.40046899426784777,0.41714434601354866,0.4147993746743095
0.3514851485148514,0.3637311099531005,0.35539343408025004,0.4202709744658676,0.43538301198540896,0.4442417926003126,0.5291818655549765,0.5065138092756643,0.5414278269932256,0.5351745700885877,0.5080771235018238,0.5310057321521625,0.498697238144867,0.42808754559666484,0.4408546117769671,0.4455445544554455,0.47029702970297016,0.459353830119854,0.4601354872329337,0.44007295466388735,0.40046899426784777,0.41714434601354866,0.4147993746743095,0.4288692027097446
0.3637311099531005,0.35539343408025004,0.4202709744658676,0.43538301198540896,0.4442417926003126,0.5291818655549765,0.5065138092756643,0.5414278269932256,0.5351745700885877,0.5080771235018238,0.5310057321521625,0.498697238144867,0.42808754559666484,0.4408546117769671,0.4455445544554455,0.47029702970297016,0.459353830119854,0.4601354872329337,0.44007295466388735,0.40046899426784777,0.41714434601354866,0.4147993746743095,0.4288692027097446,0.4843668577384053
0.35539343408025004,0.4202709744658676,0.43538301198540896,0.4442417926003126,0.5291818655549765,0.5065138092756643,0.5414278269932256,0.5351745700885877,0.5080771235018238,0.5310057321521625,0.498697238144867,0.42808754559666484,0.4408546117769671,0.4455445544554455,0.47029702970297016,0.459353830119854,0.4601354872329337,0.44007295466388735,0.40046899426784777,0.41714434601354866,0.4147993746743095,0.4288692027097446,0.4843668577384053,0.4669098488796247
0.4202709744658676,0.43538301198540896,0.4442417926003126,0.5291818655549765,0.5065138092756643,0.5414278269932256,0.5351745700885877,0.5080771235018238,0.5310057321521625,0.498697238144867,0.42808754559666484,0.4408546117769671,0.4455445544554455,0.47029702970297016,0.459353830119854,0.4601354872329337,0.44007295466388735,0.40046899426784777,0.41714434601354866,0.4147993746743095,0.4288692027097446,0.4843668577384053,0.4669098488796247,0.4546638874413756
0.43538301198540896,0.4442417926003126,0.5291818655549765,0.5065138092756643,0.5414278269932256,0.5351745700885877,0.5080771235018238,0.5310057321521625,0.498697238144867,0.42808754559666484,0.4408546117769671,0.4455445544554455,0.47029702970297016,0.459353830119854,0.4601354872329337,0.44007295466388735,0.40046899426784777,0.41714434601354866,0.4147993746743095,0.4288692027097446,0.4843668577384053,0.4669098488796247,0.4546638874413756,0.4624804585721729
0.4442417926003126,0.5291818655549765,0.5065138092756643,0.5414278269932256,0.5351745700885877,0.5080771235018238,0.5310057321521625,0.498697238144867,0.42808754559666484,0.4408546117769671,0.4455445544554455,0.47029702970297016,0.459353830119854,0.4601354872329337,0.44007295466388735,0.40046899426784777,0.41714434601354866,0.4147993746743095,0.4288692027097446,0.4843668577384053,0.4669098488796247,0.4546638874413756,0.4624804585721729,0.48071912454403326
0.5291818655549765,0.5065138092756643,0.5414278269932256,0.5351745700885877,0.5080771235018238,0.5310057321521625,0.498697238144867,0.42808754559666484,0.4408546117769671,0.4455445544554455,0.47029702970297016,0.459353830119854,0.4601354872329337,0.44007295466388735,0.40046899426784777,0.41714434601354866,0.4147993746743095,0.4288692027097446,0.4843668577384053,0.4669098488796247,0.4546638874413756,0.4624804585721729,0.48071912454403326,0.5393434080250129
0.5065138092756643,0.5414278269932256,0.5351745700885877,0.5080771235018238,0.5310057321521625,0.498697238144867,0.42808754559666484,0.4408546117769671,0.4455445544554455,0.47029702970297016,0.459353830119854,0.4601354872329337,0.44007295466388735,0.40046899426784777,0.41714434601354866,0.4147993746743095,0.4288692027097446,0.4843668577384053,0.4669098488796247,0.4546638874413756,0.4624804585721729,0.48071912454403326,0.5393434080250129,0.5307451797811359
0.5414278269932256,0.5351745700885877,0.5080771235018238,0.5310057321521625,0.498697238144867,0.42808754559666484,0.4408546117769671,0.4455445544554455,0.47029702970297016,0.459353830119854,0.4601354872329337,0.44007295466388735,0.40046899426784777,0.41714434601354866,0.4147993746743095,0.4288692027097446,0.4843668577384053,0.4669098488796247,0.4546638874413756,0.4624804585721729,0.48071912454403326,0.5393434080250129,0.5307451797811359,0.531266284523189
0.5351745700885877,0.5080771235018238,0.5310057321521625,0.498697238144867,0.42808754559666484,0.4408546117769671,0.4455445544554455,0.47029702970297016,0.459353830119854,0.4601354872329337,0.44007295466388735,0.40046899426784777,0.41714434601354866,0.4147993746743095,0.4288692027097446,0.4843668577384053,0.4669098488796247,0.4546638874413756,0.4624804585721729,0.48071912454403326,0.5393434080250129,0.5307451797811359,0.531266284523189,0.47212089630015625
0.5080771235018238,0.5310057321521625,0.498697238144867,0.42808754559666484,0.4408546117769671,0.4455445544554455,0.47029702970297016,0.459353830119854,0.4601354872329337,0.44007295466388735,0.40046899426784777,0.41714434601354866,0.4147993746743095,0.4288692027097446,0.4843668577384053,0.4669098488796247,0.4546638874413756,0.4624804585721729,0.48071912454403326,0.5393434080250129,0.5307451797811359,0.531266284523189,0.47212089630015625,0.4531005732152162
0.5310057321521625,0.498697238144867,0.42808754559666484,0.4408546117769671,0.4455445544554455,0.47029702970297016,0.459353830119854,0.4601354872329337,0.44007295466388735,0.40046899426784777,0.41714434601354866,0.4147993746743095,0.4288692027097446,0.4843668577384053,0.4669098488796247,0.4546638874413756,0.4624804585721729,0.48071912454403326,0.5393434080250129,0.5307451797811359,0.531266284523189,0.47212089630015625,0.4531005732152162,0.44997394476289726
0.498697238144867,0.42808754559666484,0.4408546117769671,0.4455445544554455,0.47029702970297016,0.459353830119854,0.4601354872329337,0.44007295466388735,0.40046899426784777,0.41714434601354866,0.4147993746743095,0.4288692027097446,0.4843668577384053,0.4669098488796247,0.4546638874413756,0.4624804585721729,0.48071912454403326,0.5393434080250129,0.5307451797811359,0.531266284523189,0.47212089630015625,0.4531005732152162,0.44997394476289726,0.4395518499218342
0.42808754559666484,0.4408546117769671,0.4455445544554455,0.47029702970297016,0.459353830119854,0.4601354872329337,0.44007295466388735,0.40046899426784777,0.41714434601354866,0.4147993746743095,0.4288692027097446,0.4843668577384053,0.4669098488796247,0.4546638874413756,0.4624804585721729,0.48071912454403326,0.5393434080250129,0.5307451797811359,0.531266284523189,0.47212089630015625,0.4531005732152162,0.44997394476289726,0.4395518499218342,0.4645648775403855
0.4408546117769671,0.4455445544554455,0.47029702970297016,0.459353830119854,0.4601354872329337,0.44007295466388735,0.40046899426784777,0.41714434601354866,0.4147993746743095,0.4288692027097446,0.4843668577384053,0.4669098488796247,0.4546638874413756,0.4624804585721729,0.48071912454403326,0.5393434080250129,0.5307451797811359,0.531266284523189,0.47212089630015625,0.4531005732152162,0.44997394476289726,0.4395518499218342,0.4645648775403855,0.4645648775403855
0.4455445544554455,0.47029702970297016,0.459353830119854,0.4601354872329337,0.44007295466388735,0.40046899426784777,0.41714434601354866,0.4147993746743095,0.4288692027097446,0.4843668577384053,0.4669098488796247,0.4546638874413756,0.4624804585721729,0.48071912454403326,0.5393434080250129,0.5307451797811359,0.531266284523189,0.47212089630015625,0.4531005732152162,0.44997394476289726,0.4395518499218342,0.4645648775403855,0.4645648775403855,0.49270453361125577
0.47029702970297016,0.459353830119854,0.4601354872329337,0.44007295466388735,0.40046899426784777,0.41714434601354866,0.4147993746743095,0.4288692027097446,0.4843668577384053,0.4669098488796247,0.4546638874413756,0.4624804585721729,0.48071912454403326,0.5393434080250129,0.5307451797811359,0.531266284523189,0.47212089630015625,0.4531005732152162,0.44997394476289726,0.4395518499218342,0.4645648775403855,0.4645648775403855,0.49270453361125577,0.4455445544554455
0.459353830119854,0.4601354872329337,0.44007295466388735,0.40046899426784777,0.41714434601354866,0.4147993746743095,0.4288692027097446,0.4843668577384053,0.4669098488796247,0.4546638874413756,0.4624804585721729,0.48071912454403326,0.5393434080250129,0.5307451797811359,0.531266284523189,0.47212089630015625,0.4531005732152162,0.44997394476289726,0.4395518499218342,0.4645648775403855,0.4645648775403855,0.49270453361125577,0.4455445544554455,0.4791558103178738
0.4601354872329337,0.44007295466388735,0.40046899426784777,0.41714434601354866,0.4147993746743095,0.4288692027097446,0.4843668577384053,0.4669098488796247,0.4546638874413756,0.4624804585721729,0.48071912454403326,0.5393434080250129,0.5307451797811359,0.531266284523189,0.47212089630015625,0.4531005732152162,0.44997394476289726,0.4395518499218342,0.4645648775403855,0.4645648775403855,0.49270453361125577,0.4455445544554455,0.4791558103178738,0.4564877540385616
0.44007295466388735,0.40046899426784777,0.41714434601354866,0.4147993746743095,0.4288692027097446,0.4843668577384053,0.4669098488796247,0.4546638874413756,0.4624804585721729,0.48071912454403326,0.5393434080250129,0.5307451797811359,0.531266284523189,0.47212089630015625,0.4531005732152162,0.44997394476289726,0.4395518499218342,0.4645648775403855,0.4645648775403855,0.49270453361125577,0.4455445544554455,0.4791558103178738,0.4564877540385616,0.4877540385617508
0.40046899426784777,0.41714434601354866,0.4147993746743095,0.4288692027097446,0.4843668577384053,0.4669098488796247,0.4546638874413756,0.4624804585721729,0.48071912454403326,0.5393434080250129,0.5307451797811359,0.531266284523189,0.47212089630015625,0.4531005732152162,0.44997394476289726,0.4395518499218342,0.4645648775403855,0.4645648775403855,0.49270453361125577,0.4455445544554455,0.4791558103178738,0.4564877540385616,0.4877540385617508,0.4111516414799374
0.41714434601354866,0.4147993746743095,0.4288692027097446,0.4843668577384053,0.4669098488796247,0.4546638874413756,0.4624804585721729,0.48071912454403326,0.5393434080250129,0.5307451797811359,0.531266284523189,0.47212089630015625,0.4531005732152162,0.44997394476289726,0.4395518499218342,0.4645648775403855,0.4645648775403855,0.49270453361125577,0.4455445544554455,0.4791558103178738,0.4564877540385616,0.4877540385617508,0.4111516414799374,0.4317352787910369
0.4147993746743095,0.4288692027097446,0.4843668577384053,0.4669098488796247,0.4546638874413756,0.4624804585721729,0.48071912454403326,0.5393434080250129,0.5307451797811359,0.531266284523189,0.47212089630015625,0.4531005732152162,0.44997394476289726,0.4395518499218342,0.4645648775403855,0.4645648775403855,0.49270453361125577,0.4455445544554455,0.4791558103178738,0.4564877540385616,0.4877540385617508,0.4111516414799374,0.4317352787910369,0.44398124022928603
0.4288692027097446,0.4843668577384053,0.4669098488796247,0.4546638874413756,0.4624804585721729,0.48071912454403326,0.5393434080250129,0.5307451797811359,0.531266284523189,0.47212089630015625,0.4531005732152162,0.44997394476289726,0.4395518499218342,0.4645648775403855,0.4645648775403855,0.49270453361125577,0.4455445544554455,0.4791558103178738,0.4564877540385616,0.4877540385617508,0.4111516414799374,0.4317352787910369,0.44398124022928603,0.43590411672746215
0.4843668577384053,0.4669098488796247,0.4546638874413756,0.4624804585721729,0.48071912454403326,0.5393434080250129,0.5307451797811359,0.531266284523189,0.47212089630015625,0.4531005732152162,0.44997394476289726,0.4395518499218342,0.4645648775403855,0.4645648775403855,0.49270453361125577,0.4455445544554455,0.4791558103178738,0.4564877540385616,0.4877540385617508,0.4111516414799374,0.4317352787910369,0.44398124022928603,0.43590411672746215,0.4431995831162063
0.4669098488796247,0.4546638874413756,0.4624804585721729,0.48071912454403326,0.5393434080250129,0.5307451797811359,0.531266284523189,0.47212089630015625,0.4531005732152162,0.44997394476289726,0.4395518499218342,0.4645648775403855,0.4645648775403855,0.49270453361125577,0.4455445544554455,0.4791558103178738,0.4564877540385616,0.4877540385617508,0.4111516414799374,0.4317352787910369,0.44398124022928603,0.43590411672746215,0.4431995831162063,0.45336112558624275
0.4546638874413756,0.4624804585721729,0.48071912454403326,0.5393434080250129,0.5307451797811359,0.531266284523189,0.47212089630015625,0.4531005732152162,0.44997394476289726,0.4395518499218342,0.4645648775403855,0.4645648775403855,0.49270453361125577,0.4455445544554455,0.4791558103178738,0.4564877540385616,0.4877540385617508,0.4111516414799374,0.4317352787910369,0.44398124022928603,0.43590411672746215,0.4431995831162063,0.45336112558624275,0.4570088587806148
0.4624804585721729,0.48071912454403326,0.5393434080250129,0.5307451797811359,0.531266284523189,0.47212089630015625,0.4531005732152162,0.44997394476289726,0.4395518499218342,0.4645648775403855,0.4645648775403855,0.49270453361125577,0.4455445544554455,0.4791558103178738,0.4564877540385616,0.4877540385617508,0.4111516414799374,0.4317352787910369,0.44398124022928603,0.43590411672746215,0.4431995831162063,0.45336112558624275,0.4570088587806148,0.4684731631057842
0.48071912454403326,0.5393434080250129,0.5307451797811359,0.531266284523189,0.47212089630015625,0.4531005732152162,0.44997394476289726,0.4395518499218342,0.4645648775403855,0.4645648775403855,0.49270453361125577,0.4455445544554455,0.4791558103178738,0.4564877540385616,0.4877540385617508,0.4111516414799374,0.4317352787910369,0.44398124022928603,0.43590411672746215,0.4431995831162063,0.45336112558624275,0.4570088587806148,0.4684731631057842,0.49062011464304317
0.5393434080250129,0.5307451797811359,0.531266284523189,0.47212089630015625,0.4531005732152162,0.44997394476289726,0.4395518499218342,0.4645648775403855,0.4645648775403855,0.49270453361125577,0.4455445544554455,0.4791558103178738,0.4564877540385616,0.4877540385617508,0.4111516414799374,0.4317352787910369,0.44398124022928603,0.43590411672746215,0.4431995831162063,0.45336112558624275,0.4570088587806148,0.4684731631057842,0.49062011464304317,0.515893694632621
0.5307451797811359,0.531266284523189,0.47212089630015625,0.4531005732152162,0.44997394476289726,0.4395518499218342,0.4645648775403855,0.4645648775403855,0.49270453361125577,0.4455445544554455,0.4791558103178738,0.4564877540385616,0.4877540385617508,0.4111516414799374,0.4317352787910369,0.44398124022928603,0.43590411672746215,0.4431995831162063,0.45336112558624275,0.4570088587806148,0.4684731631057842,0.49062011464304317,0.515893694632621,0.47681083897863463
0.531266284523189,0.47212089630015625,0.4531005732152162,0.44997394476289726,0.4395518499218342,0.4645648775403855,0.4645648775403855,0.49270453361125577,0.4455445544554455,0.4791558103178738,0.4564877540385616,0.4877540385617508,0.4111516414799374,0.4317352787910369,0.44398124022928603,0.43590411672746215,0.4431995831162063,0.45336112558624275,0.4570088587806148,0.4684731631057842,0.49062011464304317,0.515893694632621,0.47681083897863463,0.4752475247524751
0.47212089630015625,0.4531005732152162,0.44997394476289726,0.4395518499218342,0.4645648775403855,0.4645648775403855,0.49270453361125577,0.4455445544554455,0.4791558103178738,0.4564877540385616,0.4877540385617508,0.4111516414799374,0.4317352787910369,0.44398124022928603,0.43590411672746215,0.4431995831162063,0.45336112558624275,0.4570088587806148,0.4684731631057842,0.49062011464304317,0.515893694632621,0.47681083897863463,0.4752475247524751,0.46638874413757153
0.4531005732152162,0.44997394476289726,0.4395518499218342,0.4645648775403855,0.4645648775403855,0.49270453361125577,0.4455445544554455,0.4791558103178738,0.4564877540385616,0.4877540385617508,0.4111516414799374,0.4317352787910369,0.44398124022928603,0.43590411672746215,0.4431995831162063,0.45336112558624275,0.4570088587806148,0.4684731631057842,0.49062011464304317,0.515893694632621,0.47681083897863463,0.4752475247524751,0.46638874413757153,0.44398124022928603
0.44997394476289726,0.4395518499218342,0.4645648775403855,0.4645648775403855,0.49270453361125577,0.4455445544554455,0.4791558103178738,0.4564877540385616,0.4877540385617508,0.4111516414799374,0.4317352787910369,0.44398124022928603,0.43590411672746215,0.4431995831162063,0.45336112558624275,0.4570088587806148,0.4684731631057842,0.49062011464304317,0.515893694632621,0.47681083897863463,0.4752475247524751,0.46638874413757153,0.44398124022928603,0.4557060969254819
0.4395518499218342,0.4645648775403855,0.4645648775403855,0.49270453361125577,0.4455445544554455,0.4791558103178738,0.4564877540385616,0.4877540385617508,0.4111516414799374,0.4317352787910369,0.44398124022928603,0.43590411672746215,0.4431995831162063,0.45336112558624275,0.4570088587806148,0.4684731631057842,0.49062011464304317,0.515893694632621,0.47681083897863463,0.4752475247524751,0.46638874413757153,0.44398124022928603,0.4557060969254819,0.46091714434601344
0.4645648775403855,0.4645648775403855,0.49270453361125577,0.4455445544554455,0.4791558103178738,0.4564877540385616,0.4877540385617508,0.4111516414799374,0.4317352787910369,0.44398124022928603,0.43590411672746215,0.4431995831162063,0.45336112558624275,0.4570088587806148,0.4684731631057842,0.49062011464304317,0.515893694632621,0.47681083897863463,0.4752475247524751,0.46638874413757153,0.44398124022928603,0.4557060969254819,0.46091714434601344,0.48097967691505983
0.4645648775403855,0.49270453361125577,0.4455445544554455,0.4791558103178738,0.4564877540385616,0.4877540385617508,0.4111516414799374,0.4317352787910369,0.44398124022928603,0.43590411672746215,0.4431995831162063,0.45336112558624275,0.4570088587806148,0.4684731631057842,0.49062011464304317,0.515893694632621,0.47681083897863463,0.4752475247524751,0.46638874413757153,0.44398124022928603,0.4557060969254819,0.46091714434601344,0.48097967691505983,0.49504950495049493
0.49270453361125577,0.4455445544554455,0.4791558103178738,0.4564877540385616,0.4877540385617508,0.4111516414799374,0.4317352787910369,0.44398124022928603,0.43590411672746215,0.4431995831162063,0.45336112558624275,0.4570088587806148,0.4684731631057842,0.49062011464304317,0.515893694632621,0.47681083897863463,0.4752475247524751,0.46638874413757153,0.44398124022928603,0.4557060969254819,0.46091714434601344,0.48097967691505983,0.49504950495049493,0.4966128191766544
0.4455445544554455,0.4791558103178738,0.4564877540385616,0.4877540385617508,0.4111516414799374,0.4317352787910369,0.44398124022928603,0.43590411672746215,0.4431995831162063,0.45336112558624275,0.4570088587806148,0.4684731631057842,0.49062011464304317,0.515893694632621,0.47681083897863463,0.4752475247524751,0.46638874413757153,0.44398124022928603,0.4557060969254819,0.46091714434601344,0.48097967691505983,0.49504950495049493,0.4966128191766544,0.5065138092756643
0.4791558103178738,0.4564877540385616,0.4877540385617508,0.4111516414799374,0.4317352787910369,0.44398124022928603,0.43590411672746215,0.4431995831162063,0.45336112558624275,0.4570088587806148,0.4684731631057842,0.49062011464304317,0.515893694632621,0.47681083897863463,0.4752475247524751,0.46638874413757153,0.44398124022928603,0.4557060969254819,0.46091714434601344,0.48097967691505983,0.49504950495049493,0.4966128191766544,0.5065138092756643,0.5307451797811359
0.4564877540385616,0.4877540385617508,0.4111516414799374,0.4317352787910369,0.44398124022928603,0.43590411672746215,0.4431995831162063,0.45336112558624275,0.4570088587806148,0.4684731631057842,0.49062011464304317,0.515893694632621,0.47681083897863463,0.4752475247524751,0.46638874413757153,0.44398124022928603,0.4557060969254819,0.46091714434601344,0.48097967691505983,0.49504950495049493,0.4966128191766544,0.5065138092756643,0.5307451797811359,0.5075560187597706
0.4877540385617508,0.4111516414799374,0.4317352787910369,0.44398124022928603,0.43590411672746215,0.4431995831162063,0.45336112558624275,0.4570088587806148,0.4684731631057842,0.49062011464304317,0.515893694632621,0.47681083897863463,0.4752475247524751,0.46638874413757153,0.44398124022928603,0.4557060969254819,0.46091714434601344,0.48097967691505983,0.49504950495049493,0.4966128191766544,0.5065138092756643,0.5307451797811359,0.5075560187597706,0.5218863991662324
0.4111516414799374,0.4317352787910369,0.44398124022928603,0.43590411672746215,0.4431995831162063,0.45336112558624275,0.4570088587806148,0.4684731631057842,0.49062011464304317,0.515893694632621,0.47681083897863463,0.4752475247524751,0.46638874413757153,0.44398124022928603,0.4557060969254819,0.46091714434601344,0.48097967691505983,0.49504950495049493,0.4966128191766544,0.5065138092756643,0.5307451797811359,0.5075560187597706,0.5218863991662324,0.5200625325690463
0.4317352787910369,0.44398124022928603,0.43590411672746215,0.4431995831162063,0.45336112558624275,0.4570088587806148,0.4684731631057842,0.49062011464304317,0.515893694632621,0.47681083897863463,0.4752475247524751,0.46638874413757153,0.44398124022928603,0.4557060969254819,0.46091714434601344,0.48097967691505983,0.49504950495049493,0.4966128191766544,0.5065138092756643,0.5307451797811359,0.5075560187597706,0.5218863991662324,0.5200625325690463,0.5513288170922355
0.44398124022928603,0.43590411672746215,0.4431995831162063,0.45336112558624275,0.4570088587806148,0.4684731631057842,0.49062011464304317,0.515893694632621,0.47681083897863463,0.4752475247524751,0.46638874413757153,0.44398124022928603,0.4557060969254819,0.46091714434601344,0.48097967691505983,0.49504950495049493,0.4966128191766544,0.5065138092756643,0.5307451797811359,0.5075560187597706,0.5218863991662324,0.5200625325690463,0.5513288170922355,0.5581031787389265
0.43590411672746215,0.4431995831162063,0.45336112558624275,0.4570088587806148,0.4684731631057842,0.49062011464304317,0.515893694632621,0.47681083897863463,0.4752475247524751,0.46638874413757153,0.44398124022928603,0.4557060969254819,0.46091714434601344,0.48097967691505983,0.49504950495049493,0.4966128191766544,0.5065138092756643,0.5307451797811359,0.5075560187597706,0.5218863991662324,0.5200625325690463,0.5513288170922355,0.5581031787389265,0.5948410630536737
0.4431995831162063,0.45336112558624275,0.4570088587806148,0.4684731631057842,0.49062011464304317,0.515893694632621,0.47681083897863463,0.4752475247524751,0.46638874413757153,0.44398124022928603,0.4557060969254819,0.46091714434601344,0.48097967691505983,0.49504950495049493,0.4966128191766544,0.5065138092756643,0.5307451797811359,0.5075560187597706,0.5218863991662324,0.5200625325690463,0.5513288170922355,0.5581031787389265,0.5948410630536737,0.6279312141740488
0.45336112558624275,0.4570088587806148,0.4684731631057842,0.49062011464304317,0.515893694632621,0.47681083897863463,0.4752475247524751,0.46638874413757153,0.44398124022928603,0.4557060969254819,0.46091714434601344,0.48097967691505983,0.49504950495049493,0.4966128191766544,0.5065138092756643,0.5307451797811359,0.5075560187597706,0.5218863991662324,0.5200625325690463,0.5513288170922355,0.5581031787389265,0.5948410630536737,0.6279312141740488,0.6313183949973944
0.4570088587806148,0.4684731631057842,0.49062011464304317,0.515893694632621,0.47681083897863463,0.4752475247524751,0.46638874413757153,0.44398124022928603,0.4557060969254819,0.46091714434601344,0.48097967691505983,0.49504950495049493,0.4966128191766544,0.5065138092756643,0.5307451797811359,0.5075560187597706,0.5218863991662324,0.5200625325690463,0.5513288170922355,0.5581031787389265,0.5948410630536737,0.6279312141740488,0.6313183949973944,0.5815528921313182
0.4684731631057842,0.49062011464304317,0.515893694632621,0.47681083897863463,0.4752475247524751,0.46638874413757153,0.44398124022928603,0.4557060969254819,0.46091714434601344,0.48097967691505983,0.49504950495049493,0.4966128191766544,0.5065138092756643,0.5307451797811359,0.5075560187597706,0.5218863991662324,0.5200625325690463,0.5513288170922355,0.5581031787389265,0.5948410630536737,0.6279312141740488,0.6313183949973944,0.5815528921313182,0.5680041688379364
0.49062011464304317,0.515893694632621,0.47681083897863463,0.4752475247524751,0.46638874413757153,0.44398124022928603,0.4557060969254819,0.46091714434601344,0.48097967691505983,0.49504950495049493,0.4966128191766544,0.5065138092756643,0.5307451797811359,0.5075560187597706,0.5218863991662324,0.5200625325690463,0.5513288170922355,0.5581031787389265,0.5948410630536737,0.6279312141740488,0.6313183949973944,0.5815528921313182,0.5680041688379364,0.551589369463262
0.515893694632621,0.47681083897863463,0.4752475247524751,0.46638874413757153,0.44398124022928603,0.4557060969254819,0.46091714434601344,0.48097967691505983,0.49504950495049493,0.4966128191766544,0.5065138092756643,0.5307451797811359,0.5075560187597706,0.5218863991662324,0.5200625325690463,0.5513288170922355,0.5581031787389265,0.5948410630536737,0.6279312141740488,0.6313183949973944,0.5815528921313182,0.5680041688379364,0.551589369463262,0.5739968733715476
0.47681083897863463,0.4752475247524751,0.46638874413757153,0.44398124022928603,0.4557060969254819,0.46091714434601344,0.48097967691505983,0.49504950495049493,0.4966128191766544,0.5065138092756643,0.5307451797811359,0.5075560187597706,0.5218863991662324,0.5200625325690463,0.5513288170922355,0.5581031787389265,0.5948410630536737,0.6279312141740488,0.6313183949973944,0.5815528921313182,0.5680041688379364,0.551589369463262,0.5739968733715476,0.5278791036998436
0.4752475247524751,0.46638874413757153,0.44398124022928603,0.4557060969254819,0.46091714434601344,0.48097967691505983,0.49504950495049493,0.4966128191766544,0.5065138092756643,0.5307451797811359,0.5075560187597706,0.5218863991662324,0.5200625325690463,0.5513288170922355,0.5581031787389265,0.5948410630536737,0.6279312141740488,0.6313183949973944,0.5815528921313182,0.5680041688379364,0.551589369463262,0.5739968733715476,0.5278791036998436,0.522668056279312
0.46638874413757153,0.44398124022928603,0.4557060969254819,0.46091714434601344,0.48097967691505983,0.49504950495049493,0.4966128191766544,0.5065138092756643,0.5307451797811359,0.5075560187597706,0.5218863991662324,0.5200625325690463,0.5513288170922355,0.5581031787389265,0.5948410630536737,0.6279312141740488,0.6313183949973944,0.5815528921313182,0.5680041688379364,0.551589369463262,0.5739968733715476,0.5278791036998436,0.522668056279312,0.5409067222511724
0.44398124022928603,0.4557060969254819,0.46091714434601344,0.48097967691505983,0.49504950495049493,0.4966128191766544,0.5065138092756643,0.5307451797811359,0.5075560187597706,0.5218863991662324,0.5200625325690463,0.5513288170922355,0.5581031787389265,0.5948410630536737,0.6279312141740488,0.6313183949973944,0.5815528921313182,0.5680041688379364,0.551589369463262,0.5739968733715476,0.5278791036998436,0.522668056279312,0.5409067222511724,0.5445544554455445
0.4557060969254819,0.46091714434601344,0.48097967691505983,0.49504950495049493,0.4966128191766544,0.5065138092756643,0.5307451797811359,0.5075560187597706,0.5218863991662324,0.5200625325690463,0.5513288170922355,0.5581031787389265,0.5948410630536737,0.6279312141740488,0.6313183949973944,0.5815528921313182,0.5680041688379364,0.551589369463262,0.5739968733715476,0.5278791036998436,0.522668056279312,0.5409067222511724,0.5445544554455445,0.5653986451276706
0.46091714434601344,0.48097967691505983,0.49504950495049493,0.4966128191766544,0.5065138092756643,0.5307451797811359,0.5075560187597706,0.5218863991662324,0.5200625325690463,0.5513288170922355,0.5581031787389265,0.5948410630536737,0.6279312141740488,0.6313183949973944,0.5815528921313182,0.5680041688379364,0.551589369463262,0.5739968733715476,0.5278791036998436,0.522668056279312,0.5409067222511724,0.5445544554455445,0.5653986451276706,0.5716519020323084
0.48097967691505983,0.49504950495049493,0.4966128191766544,0.5065138092756643,0.5307451797811359,0.5075560187597706,0.5218863991662324,0.5200625325690463,0.5513288170922355,0.5581031787389265,0.5948410630536737,0.6279312141740488,0.6313183949973944,0.5815528921313182,0.5680041688379364,0.551589369463262,0.5739968733715476,0.5278791036998436,0.522668056279312,0.5409067222511724,0.5445544554455445,0.5653986451276706,0.5716519020323084,0.6023970818134444
0.49504950495049493,0.4966128191766544,0.5065138092756643,0.5307451797811359,0.5075560187597706,0.5218863991662324,0.5200625325690463,0.5513288170922355,0.5581031787389265,0.5948410630536737,0.6279312141740488,0.6313183949973944,0.5815528921313182,0.5680041688379364,0.551589369463262,0.5739968733715476,0.5278791036998436,0.522668056279312,0.5409067222511724,0.5445544554455445,0.5653986451276706,0.5716519020323084,0.6023970818134444,0.5719124544033349
0.4966128191766544,0.5065138092756643,0.5307451797811359,0.5075560187597706,0.5218863991662324,0.5200625325690463,0.5513288170922355,0.5581031787389265,0.5948410630536737,0.6279312141740488,0.6313183949973944,0.5815528921313182,0.5680041688379364,0.551589369463262,0.5739968733715476,0.5278791036998436,0.522668056279312,0.5409067222511724,0.5445544554455445,0.5653986451276706,0.5716519020323084,0.6023970818134444,0.5719124544033349,0.5422094841063053
0.5065138092756643,0.5307451797811359,0.5075560187597706,0.5218863991662324,0.5200625325690463,0.5513288170922355,0.5581031787389265,0.5948410630536737,0.6279312141740488,0.6313183949973944,0.5815528921313182,0.5680041688379364,0.551589369463262,0.5739968733715476,0.5278791036998436,0.522668056279312,0.5409067222511724,0.5445544554455445,0.5653986451276706,0.5716519020323084,0.6023970818134444,0.5719124544033349,0.5422094841063053,0.5341323606044814
0.5307451797811359,0.5075560187597706,0.5218863991662324,0.5200625325690463,0.5513288170922355,0.5581031787389265,0.5948410630536737,0.6279312141740488,0.6313183949973944,0.5815528921313182,0.5680041688379364,0.551589369463262,0.5739968733715476,0.5278791036998436,0.522668056279312,0.5409067222511724,0.5445544554455445,0.5653986451276706,0.5716519020323084,0.6023970818134444,0.5719124544033349,0.5422094841063053,0.5341323606044814,0.5385617509119331
0.5075560187597706,0.5218863991662324,0.5200625325690463,0.5513288170922355,0.5581031787389265,0.5948410630536737,0.6279312141740488,0.6313183949973944,0.5815528921313182,0.5680041688379364,0.551589369463262,0.5739968733715476,0.5278791036998436,0.522668056279312,0.5409067222511724,0.5445544554455445,0.5653986451276706,0.5716519020323084,0.6023970818134444,0.5719124544033349,0.5422094841063053,0.5341323606044814,0.5385617509119331,0.5396039603960395
0.5218863991662324,0.5200625325690463,0.5513288170922355,0.5581031787389265,0.5948410630536737,0.6279312141740488,0.6313183949973944,0.5815528921313182,0.5680041688379364,0.551589369463262,0.5739968733715476,0.5278791036998436,0.522668056279312,0.5409067222511724,0.5445544554455445,0.5653986451276706,0.5716519020323084,0.6023970818134444,0.5719124544033349,0.5422094841063053,0.5341323606044814,0.5385617509119331,0.5396039603960395,0.5721730067743616
0.5200625325690463,0.5513288170922355,0.5581031787389265,0.5948410630536737,0.6279312141740488,0.6313183949973944,0.5815528921313182,0.5680041688379364,0.551589369463262,0.5739968733715476,0.5278791036998436,0.522668056279312,0.5409067222511724,0.5445544554455445,0.5653986451276706,0.5716519020323084,0.6023970818134444,0.5719124544033349,0.5422094841063053,0.5341323606044814,0.5385617509119331,0.5396039603960395,0.5721730067743616,0.6005732152162584
0.5513288170922355,0.5581031787389265,0.5948410630536737,0.6279312141740488,0.6313183949973944,0.5815528921313182,0.5680041688379364,0.551589369463262,0.5739968733715476,0.5278791036998436,0.522668056279312,0.5409067222511724,0.5445544554455445,0.5653986451276706,0.5716519020323084,0.6023970818134444,0.5719124544033349,0.5422094841063053,0.5341323606044814,0.5385617509119331,0.5396039603960395,0.5721730067743616,0.6005732152162584,0.5831162063574777
0.5581031787389265,0.5948410630536737,0.6279312141740488,0.6313183949973944,0.5815528921313182,0.5680041688379364,0.551589369463262,0.5739968733715476,0.5278791036998436,0.522668056279312,0.5409067222511724,0.5445544554455445,0.5653986451276706,0.5716519020323084,0.6023970818134444,0.5719124544033349,0.5422094841063053,0.5341323606044814,0.5385617509119331,0.5396039603960395,0.5721730067743616,0.6005732152162584,0.5831162063574777,0.5656591974986971
0.5948410630536737,0.6279312141740488,0.6313183949973944,0.5815528921313182,0.5680041688379364,0.551589369463262,0.5739968733715476,0.5278791036998436,0.522668056279312,0.5409067222511724,0.5445544554455445,0.5653986451276706,0.5716519020323084,0.6023970818134444,0.5719124544033349,0.5422094841063053,0.5341323606044814,0.5385617509119331,0.5396039603960395,0.5721730067743616,0.6005732152162584,0.5831162063574777,0.5656591974986971,0.5716519020323084
0.6279312141740488,0.6313183949973944,0.5815528921313182,0.5680041688379364,0.551589369463262,0.5739968733715476,0.5278791036998436,0.522668056279312,0.5409067222511724,0.5445544554455445,0.5653986451276706,0.5716519020323084,0.6023970818134444,0.5719124544033349,0.5422094841063053,0.5341323606044814,0.5385617509119331,0.5396039603960395,0.5721730067743616,0.6005732152162584,0.5831162063574777,0.5656591974986971,0.5716519020323084,0.5690463783220426
0.6313183949973944,0.5815528921313182,0.5680041688379364,0.551589369463262,0.5739968733715476,0.5278791036998436,0.522668056279312,0.5409067222511724,0.5445544554455445,0.5653986451276706,0.5716519020323084,0.6023970818134444,0.5719124544033349,0.5422094841063053,0.5341323606044814,0.5385617509119331,0.5396039603960395,0.5721730067743616,0.6005732152162584,0.5831162063574777,0.5656591974986971,0.5716519020323084,0.5690463783220426,0.5896300156331422
0.5815528921313182,0.5680041688379364,0.551589369463262,0.5739968733715476,0.5278791036998436,0.522668056279312,0.5409067222511724,0.5445544554455445,0.5653986451276706,0.5716519020323084,0.6023970818134444,0.5719124544033349,0.5422094841063053,0.5341323606044814,0.5385617509119331,0.5396039603960395,0.5721730067743616,0.6005732152162584,0.5831162063574777,0.5656591974986971,0.5716519020323084,0.5690463783220426,0.5896300156331422,0.5739968733715476
0.5680041688379364,0.551589369463262,0.5739968733715476,0.5278791036998436,0.522668056279312,0.5409067222511724,0.5445544554455445,0.5653986451276706,0.5716519020323084,0.6023970818134444,0.5719124544033349,0.5422094841063053,0.5341323606044814,0.5385617509119331,0.5396039603960395,0.5721730067743616,0.6005732152162584,0.5831162063574777,0.5656591974986971,0.5716519020323084,0.5690463783220426,0.5896300156331422,0.5739968733715476,0.568785825951016
0.551589369463262,0.5739968733715476,0.5278791036998436,0.522668056279312,0.5409067222511724,0.5445544554455445,0.5653986451276706,0.5716519020323084,0.6023970818134444,0.5719124544033349,0.5422094841063053,0.5341323606044814,0.5385617509119331,0.5396039603960395,0.5721730067743616,0.6005732152162584,0.5831162063574777,0.5656591974986971,0.5716519020323084,0.5690463783220426,0.5896300156331422,0.5739968733715476,0.568785825951016,0.5667014069828035
0.5739968733715476,0.5278791036998436,0.522668056279312,0.5409067222511724,0.5445544554455445,0.5653986451276706,0.5716519020323084,0.6023970818134444,0.5719124544033349,0.5422094841063053,0.5341323606044814,0.5385617509119331,0.5396039603960395,0.5721730067743616,0.6005732152162584,0.5831162063574777,0.5656591974986971,0.5716519020323084,0.5690463783220426,0.5896300156331422,0.5739968733715476,0.568785825951016,0.5667014069828035,0.575560187597707
0.5278791036998436,0.522668056279312,0.5409067222511724,0.5445544554455445,0.5653986451276706,0.5716519020323084,0.6023970818134444,0.5719124544033349,0.5422094841063053,0.5341323606044814,0.5385617509119331,0.5396039603960395,0.5721730067743616,0.6005732152162584,0.5831162063574777,0.5656591974986971,0.5716519020323084,0.5690463783220426,0.5896300156331422,0.5739968733715476,0.568785825951016,0.5667014069828035,0.575560187597707,0.5833767587285044
0.522668056279312,0.5409067222511724,0.5445544554455445,0.5653986451276706,0.5716519020323084,0.6023970818134444,0.5719124544033349,0.5422094841063053,0.5341323606044814,0.5385617509119331,0.5396039603960395,0.5721730067743616,0.6005732152162584,0.5831162063574777,0.5656591974986971,0.5716519020323084,0.5690463783220426,0.5896300156331422,0.5739968733715476,0.568785825951016,0.5667014069828035,0.575560187597707,0.5833767587285044,0.5844189682126106
0.5409067222511724,0.5445544554455445,0.5653986451276706,0.5716519020323084,0.6023970818134444,0.5719124544033349,0.5422094841063053,0.5341323606044814,0.5385617509119331,0.5396039603960395,0.5721730067743616,0.6005732152162584,0.5831162063574777,0.5656591974986971,0.5716519020323084,0.5690463783220426,0.5896300156331422,0.5739968733715476,0.568785825951016,0.5667014069828035,0.575560187597707,0.5833767587285044,0.5844189682126106,0.5937988535695674
0.5445544554455445,0.5653986451276706,0.5716519020323084,0.6023970818134444,0.5719124544033349,0.5422094841063053,0.5341323606044814,0.5385617509119331,0.5396039603960395,0.5721730067743616,0.6005732152162584,0.5831162063574777,0.5656591974986971,0.5716519020323084,0.5690463783220426,0.5896300156331422,0.5739968733715476,0.568785825951016,0.5667014069828035,0.575560187597707,0.5833767587285044,0.5844189682126106,0.5937988535695674,0.5768629494528399
0.5653986451276706,0.5716519020323084,0.6023970818134444,0.5719124544033349,0.5422094841063053,0.5341323606044814,0.5385617509119331,0.5396039603960395,0.5721730067743616,0.6005732152162584,0.5831162063574777,0.5656591974986971,0.5716519020323084,0.5690463783220426,0.5896300156331422,0.5739968733715476,0.568785825951016,0.5667014069828035,0.575560187597707,0.5833767587285044,0.5844189682126106,0.5937988535695674,0.5768629494528399,0.5773840541948931
